"ndvi","evi","doy","site","veg"
0.262886583805084,0.0810395628213882,140.463252314815,"ForestShrub2","fs"
0.258454859256744,0.0773933380842209,140.463252314815,"ForestShrub1","fs"
0.276839226484299,0.0892323926091194,140.463252314815,"Shrub1","s"
0.255118995904922,0.0805268287658691,140.463252314815,"Shrub2","s"
0.256451606750488,0.0819728448987007,140.463252314815,"Shrub3","s"
0.156984597444534,0.046702679246664,140.463252314815,"Shrub4","s"
0.16447876393795,0.0423122756183147,140.463252314815,"Shrub5","s"
0.122896157205105,0.0334641933441162,140.463252314815,"Shrub6","s"
0.252832442522049,0.0766061991453171,140.463252314815,"Shrub7","s"
0.256905257701874,0.0790980085730553,140.463252314815,"Shrub8","s"
0.189578711986542,0.0574587136507034,140.463252314815,"Shrub9","s"
0.230907455086708,0.0695810690522194,140.463252314815,"Shrub10","s"
0.233830839395523,0.0714681819081306,140.463252314815,"Shrub11","s"
0.235077798366547,0.0729331225156784,140.463252314815,"Shrub13","s"
0.214354380965233,0.0618448071181774,140.463252314815,"Shrub14","s"
0.228907778859138,0.0671643242239952,140.463252314815,"Shrub15","s"
0.0659223794937134,0.0177424196153879,140.463252314815,"Forest1","f"
0.135354623198509,0.0375838130712509,140.463252314815,"Forest2","f"
0.024715356528759,0.00650565791875124,140.463252314815,"Forest3","f"
0.107154212892056,0.0292712580412626,140.463252314815,"Forest4","f"
0.0761750414967537,0.0205602291971445,140.463252314815,"Forest5","f"
0.0668781399726868,0.0186396725475788,140.463252314815,"Forest6","f"
0.105325445532799,0.0283416919410229,140.463252314815,"Forest7","f"
0.0238218531012535,0.00643996149301529,140.463252314815,"Forest8","f"
0.0865904986858368,0.0232194401323795,140.463252314815,"Forest9","f"
0.0288570784032345,0.00765410671010613,140.463252314815,"Forest10","f"
0.0416666679084301,0.0112151997163892,140.463252314815,"Forest11","f"
0.140099629759789,0.0382529459893703,140.463252314815,"Forest12","f"
0.0973049625754356,0.0260321795940399,140.463252314815,"Forest13","f"
0.140245825052261,0.0392651669681072,140.463252314815,"Forest14","f"
0.143485084176064,0.0393999479711056,140.463252314815,"Forest15","f"
0.172215104103088,0.0492692030966282,140.463252314815,"FP1","fp"
0.153950959444046,0.042431753128767,140.463252314815,"FP2","fp"
0.194650813937187,0.0576026737689972,140.463252314815,"FP3","fp"
0.169655174016953,0.0466350726783276,140.463252314815,"FP4","fp"
0.163575038313866,0.0447664745151997,140.463252314815,"FP5","fp"
0.116875715553761,0.0321967601776123,140.463252314815,"FP6","fp"
0.0675875693559647,0.0151787102222443,140.463252314815,"FP7","fp"
0.0422582253813744,0.0122578702867031,140.463252314815,"FP8","fp"
0.15324304997921,0.0408885180950165,140.463252314815,"FP9","fp"
0.139784947037697,0.0389296971261501,140.463252314815,"FP10","fp"
NA,NA,140.463275462963,"ForestShrub2","fs"
NA,NA,140.463275462963,"ForestShrub1","fs"
NA,NA,140.463275462963,"Shrub1","s"
NA,NA,140.463275462963,"Shrub2","s"
NA,NA,140.463275462963,"Shrub3","s"
NA,NA,140.463275462963,"Shrub4","s"
NA,NA,140.463275462963,"Shrub5","s"
NA,NA,140.463275462963,"Shrub6","s"
NA,NA,140.463275462963,"Shrub7","s"
NA,NA,140.463275462963,"Shrub8","s"
NA,NA,140.463275462963,"Shrub9","s"
NA,NA,140.463275462963,"Shrub10","s"
NA,NA,140.463275462963,"Shrub11","s"
NA,NA,140.463275462963,"Shrub13","s"
NA,NA,140.463275462963,"Shrub14","s"
NA,NA,140.463275462963,"Shrub15","s"
NA,NA,140.463275462963,"Forest1","f"
NA,NA,140.463275462963,"Forest2","f"
NA,NA,140.463275462963,"Forest3","f"
NA,NA,140.463275462963,"Forest4","f"
NA,NA,140.463275462963,"Forest5","f"
NA,NA,140.463275462963,"Forest6","f"
NA,NA,140.463275462963,"Forest7","f"
NA,NA,140.463275462963,"Forest8","f"
NA,NA,140.463275462963,"Forest9","f"
NA,NA,140.463275462963,"Forest10","f"
NA,NA,140.463275462963,"Forest11","f"
NA,NA,140.463275462963,"Forest12","f"
NA,NA,140.463275462963,"Forest13","f"
NA,NA,140.463275462963,"Forest14","f"
NA,NA,140.463275462963,"Forest15","f"
NA,NA,140.463275462963,"FP1","fp"
NA,NA,140.463275462963,"FP2","fp"
NA,NA,140.463275462963,"FP3","fp"
NA,NA,140.463275462963,"FP4","fp"
NA,NA,140.463275462963,"FP5","fp"
NA,NA,140.463275462963,"FP6","fp"
NA,NA,140.463275462963,"FP7","fp"
0.02392821572721,0.00712723098695278,140.463275462963,"FP8","fp"
0.149194985628128,0.0394251681864262,140.463275462963,"FP9","fp"
0.108284205198288,0.0296915136277676,140.463275462963,"FP10","fp"
NA,NA,140.463287037037,"ForestShrub2","fs"
NA,NA,140.463287037037,"ForestShrub1","fs"
NA,NA,140.463287037037,"Shrub1","s"
NA,NA,140.463287037037,"Shrub2","s"
NA,NA,140.463287037037,"Shrub3","s"
NA,NA,140.463287037037,"Shrub4","s"
NA,NA,140.463287037037,"Shrub5","s"
NA,NA,140.463287037037,"Shrub6","s"
NA,NA,140.463287037037,"Shrub7","s"
NA,NA,140.463287037037,"Shrub8","s"
NA,NA,140.463287037037,"Shrub9","s"
NA,NA,140.463287037037,"Shrub10","s"
NA,NA,140.463287037037,"Shrub11","s"
NA,NA,140.463287037037,"Shrub13","s"
NA,NA,140.463287037037,"Shrub14","s"
NA,NA,140.463287037037,"Shrub15","s"
NA,NA,140.463287037037,"Forest1","f"
NA,NA,140.463287037037,"Forest2","f"
NA,NA,140.463287037037,"Forest3","f"
NA,NA,140.463287037037,"Forest4","f"
NA,NA,140.463287037037,"Forest5","f"
NA,NA,140.463287037037,"Forest6","f"
NA,NA,140.463287037037,"Forest7","f"
NA,NA,140.463287037037,"Forest8","f"
NA,NA,140.463287037037,"Forest9","f"
NA,NA,140.463287037037,"Forest10","f"
NA,NA,140.463287037037,"Forest11","f"
NA,NA,140.463287037037,"Forest12","f"
NA,NA,140.463287037037,"Forest13","f"
NA,NA,140.463287037037,"Forest14","f"
NA,NA,140.463287037037,"Forest15","f"
NA,NA,140.463287037037,"FP1","fp"
NA,NA,140.463287037037,"FP2","fp"
NA,NA,140.463287037037,"FP3","fp"
NA,NA,140.463287037037,"FP4","fp"
NA,NA,140.463287037037,"FP5","fp"
NA,NA,140.463287037037,"FP6","fp"
NA,NA,140.463287037037,"FP7","fp"
NA,NA,140.463287037037,"FP8","fp"
NA,NA,140.463287037037,"FP9","fp"
NA,NA,140.463287037037,"FP10","fp"
NA,NA,140.463298611111,"ForestShrub2","fs"
NA,NA,140.463298611111,"ForestShrub1","fs"
NA,NA,140.463298611111,"Shrub1","s"
NA,NA,140.463298611111,"Shrub2","s"
NA,NA,140.463298611111,"Shrub3","s"
NA,NA,140.463298611111,"Shrub4","s"
NA,NA,140.463298611111,"Shrub5","s"
NA,NA,140.463298611111,"Shrub6","s"
NA,NA,140.463298611111,"Shrub7","s"
NA,NA,140.463298611111,"Shrub8","s"
NA,NA,140.463298611111,"Shrub9","s"
NA,NA,140.463298611111,"Shrub10","s"
NA,NA,140.463298611111,"Shrub11","s"
NA,NA,140.463298611111,"Shrub13","s"
NA,NA,140.463298611111,"Shrub14","s"
NA,NA,140.463298611111,"Shrub15","s"
NA,NA,140.463298611111,"Forest1","f"
NA,NA,140.463298611111,"Forest2","f"
NA,NA,140.463298611111,"Forest3","f"
NA,NA,140.463298611111,"Forest4","f"
NA,NA,140.463298611111,"Forest5","f"
NA,NA,140.463298611111,"Forest6","f"
NA,NA,140.463298611111,"Forest7","f"
NA,NA,140.463298611111,"Forest8","f"
NA,NA,140.463298611111,"Forest9","f"
NA,NA,140.463298611111,"Forest10","f"
NA,NA,140.463298611111,"Forest11","f"
NA,NA,140.463298611111,"Forest12","f"
NA,NA,140.463298611111,"Forest13","f"
NA,NA,140.463298611111,"Forest14","f"
NA,NA,140.463298611111,"Forest15","f"
NA,NA,140.463298611111,"FP1","fp"
NA,NA,140.463298611111,"FP2","fp"
NA,NA,140.463298611111,"FP3","fp"
NA,NA,140.463298611111,"FP4","fp"
NA,NA,140.463298611111,"FP5","fp"
NA,NA,140.463298611111,"FP6","fp"
NA,NA,140.463298611111,"FP7","fp"
NA,NA,140.463298611111,"FP8","fp"
NA,NA,140.463298611111,"FP9","fp"
NA,NA,140.463298611111,"FP10","fp"
NA,NA,140.463310185185,"ForestShrub2","fs"
NA,NA,140.463310185185,"ForestShrub1","fs"
NA,NA,140.463310185185,"Shrub1","s"
NA,NA,140.463310185185,"Shrub2","s"
NA,NA,140.463310185185,"Shrub3","s"
NA,NA,140.463310185185,"Shrub4","s"
NA,NA,140.463310185185,"Shrub5","s"
NA,NA,140.463310185185,"Shrub6","s"
NA,NA,140.463310185185,"Shrub7","s"
NA,NA,140.463310185185,"Shrub8","s"
NA,NA,140.463310185185,"Shrub9","s"
NA,NA,140.463310185185,"Shrub10","s"
NA,NA,140.463310185185,"Shrub11","s"
NA,NA,140.463310185185,"Shrub13","s"
NA,NA,140.463310185185,"Shrub14","s"
NA,NA,140.463310185185,"Shrub15","s"
NA,NA,140.463310185185,"Forest1","f"
NA,NA,140.463310185185,"Forest2","f"
NA,NA,140.463310185185,"Forest3","f"
NA,NA,140.463310185185,"Forest4","f"
NA,NA,140.463310185185,"Forest5","f"
NA,NA,140.463310185185,"Forest6","f"
NA,NA,140.463310185185,"Forest7","f"
NA,NA,140.463310185185,"Forest8","f"
NA,NA,140.463310185185,"Forest9","f"
NA,NA,140.463310185185,"Forest10","f"
NA,NA,140.463310185185,"Forest11","f"
NA,NA,140.463310185185,"Forest12","f"
NA,NA,140.463310185185,"Forest13","f"
NA,NA,140.463310185185,"Forest14","f"
NA,NA,140.463310185185,"Forest15","f"
NA,NA,140.463310185185,"FP1","fp"
NA,NA,140.463310185185,"FP2","fp"
NA,NA,140.463310185185,"FP3","fp"
NA,NA,140.463310185185,"FP4","fp"
NA,NA,140.463310185185,"FP5","fp"
NA,NA,140.463310185185,"FP6","fp"
NA,NA,140.463310185185,"FP7","fp"
NA,NA,140.463310185185,"FP8","fp"
NA,NA,140.463310185185,"FP9","fp"
NA,NA,140.463310185185,"FP10","fp"
0.240483924746513,0.0720371976494789,140.463252314815,"ForestShrub2","fs"
0.235538512468338,0.0685288161039352,140.463252314815,"ForestShrub1","fs"
0.254703730344772,0.0797755345702171,140.463252314815,"Shrub1","s"
0.232611179351807,0.0713648498058319,140.463252314815,"Shrub2","s"
0.234219267964363,0.0727754458785057,140.463252314815,"Shrub3","s"
0.13357400894165,0.0387047976255417,140.463252314815,"Shrub4","s"
0.14013497531414,0.035059493035078,140.463252314815,"Shrub5","s"
0.0988580733537674,0.0262088049203157,140.463252314815,"Shrub6","s"
0.229966223239899,0.0677227452397346,140.463252314815,"Shrub7","s"
0.234394118189812,0.0701259672641754,140.463252314815,"Shrub8","s"
0.166809245944023,0.0492059737443924,140.463252314815,"Shrub9","s"
0.20752389729023,0.0607883520424366,140.463252314815,"Shrub10","s"
0.211208194494247,0.0627708733081818,140.463252314815,"Shrub11","s"
0.211997672915459,0.0639572665095329,140.463252314815,"Shrub13","s"
0.190900102257729,0.0535555705428123,140.463252314815,"Shrub14","s"
0.20579320192337,0.0586563758552074,140.463252314815,"Shrub15","s"
0.0422688834369183,0.0110969515517354,140.463252314815,"Forest1","f"
0.111790880560875,0.0302451215684414,140.463252314815,"Forest2","f"
0.00085397093789652,0.000219455454498529,140.463252314815,"Forest3","f"
0.0829523205757141,0.0220739040523767,140.463252314815,"Forest4","f"
0.0526607520878315,0.0138623397797346,140.463252314815,"Forest5","f"
0.0431244932115078,0.0117232427000999,140.463252314815,"Forest6","f"
0.0817380771040916,0.0214335806667805,140.463252314815,"Forest7","f"
0.000265463226241991,7.0058427809272e-05,140.463252314815,"Forest8","f"
0.0623456798493862,0.0162955783307552,140.463252314815,"Forest9","f"
0.00558919413015246,0.00144791137427092,140.463252314815,"Forest10","f"
0.018346318975091,0.00482147326692939,140.463252314815,"Forest11","f"
0.116442739963531,0.030953960493207,140.463252314815,"Forest12","f"
0.0736964717507362,0.0192187912762165,140.463252314815,"Forest13","f"
0.116580307483673,0.03178471326828,140.463252314815,"Forest14","f"
0.119716040790081,0.0320059359073639,140.463252314815,"Forest15","f"
0.148404076695442,0.04132080078125,140.463252314815,"FP1","fp"
0.130252107977867,0.034938108175993,140.463252314815,"FP2","fp"
0.171253815293312,0.0492827594280243,140.463252314815,"FP3","fp"
0.145693019032478,0.0389669500291348,140.463252314815,"FP4","fp"
0.139389738440514,0.037106778472662,140.463252314815,"FP5","fp"
0.093411423265934,0.0250746738165617,140.463252314815,"FP6","fp"
0.0420253165066242,0.00918751396238804,140.463252314815,"FP7","fp"
0.0196951534599066,0.00558154890313745,140.463252314815,"FP8","fp"
0.129351407289505,0.0335787534713745,140.463252314815,"FP9","fp"
0.116022102534771,0.0314626134932041,140.463252314815,"FP10","fp"
NA,NA,144.853541666667,"ForestShrub2","fs"
NA,NA,144.853541666667,"ForestShrub1","fs"
0.302307695150375,0.107700742781162,144.853541666667,"Shrub1","s"
0.298141270875931,0.109368607401848,144.853541666667,"Shrub2","s"
0.230314955115318,0.0795990601181984,144.853541666667,"Shrub3","s"
0.257012873888016,0.090061366558075,144.853541666667,"Shrub4","s"
-0.0111821088939905,-0.00242642732337117,144.853541666667,"Shrub5","s"
0.108523026108742,0.0318194516003132,144.853541666667,"Shrub6","s"
0.172067552804947,0.0549210421741009,144.853541666667,"Shrub7","s"
0.297337830066681,0.107557505369186,144.853541666667,"Shrub8","s"
0.241320192813873,0.0816154927015305,144.853541666667,"Shrub9","s"
0.268680453300476,0.0978377312421799,144.853541666667,"Shrub10","s"
0.264831334352493,0.0909502506256104,144.853541666667,"Shrub11","s"
0.275971442461014,0.0983356386423111,144.853541666667,"Shrub13","s"
0.299004763364792,0.105345003306866,144.853541666667,"Shrub14","s"
0.191995680332184,0.05600605905056,144.853541666667,"Shrub15","s"
0.251295328140259,0.0671675354242325,144.853541666667,"Forest1","f"
0.170592427253723,0.0417438074946404,144.853541666667,"Forest2","f"
0.0920080617070198,0.0230228882282972,144.853541666667,"Forest3","f"
0.155261218547821,0.037052646279335,144.853541666667,"Forest4","f"
0.237042158842087,0.0603257231414318,144.853541666667,"Forest5","f"
0.142191141843796,0.0325518511235714,144.853541666667,"Forest6","f"
0.0342679135501385,0.00764340069144964,144.853541666667,"Forest7","f"
0.114854514598846,0.0264019425958395,144.853541666667,"Forest8","f"
0.291707307100296,0.0951169058680534,144.853541666667,"Forest9","f"
0.0294380020350218,0.00595732405781746,144.853541666667,"Forest10","f"
0.115677319467068,0.0267107151448727,144.853541666667,"Forest11","f"
0.014563106931746,0.00314938579685986,144.853541666667,"Forest12","f"
0.0630486831068993,0.0138543015345931,144.853541666667,"Forest13","f"
-0.0980834290385246,-0.0163171906024218,144.853541666667,"Forest14","f"
-0.349809885025024,-0.0373725481331348,144.853541666667,"Forest15","f"
0.120731703937054,0.0317817032337189,144.853541666667,"FP1","fp"
0.101714283227921,0.0275243539363146,144.853541666667,"FP2","fp"
0.186749875545502,0.0556811988353729,144.853541666667,"FP3","fp"
0.1870187073946,0.053123340010643,144.853541666667,"FP4","fp"
0.189858496189117,0.0518902875483036,144.853541666667,"FP5","fp"
-0.103347890079021,-0.0232269037514925,144.853541666667,"FP6","fp"
NA,NA,144.853541666667,"FP7","fp"
NA,NA,144.853541666667,"FP8","fp"
NA,NA,144.853541666667,"FP9","fp"
NA,NA,144.853541666667,"FP10","fp"
NA,NA,161.46494212963,"ForestShrub2","fs"
NA,NA,161.46494212963,"ForestShrub1","fs"
NA,NA,161.46494212963,"Shrub1","s"
NA,NA,161.46494212963,"Shrub2","s"
NA,NA,161.46494212963,"Shrub3","s"
NA,NA,161.46494212963,"Shrub4","s"
NA,NA,161.46494212963,"Shrub5","s"
NA,NA,161.46494212963,"Shrub6","s"
NA,NA,161.46494212963,"Shrub7","s"
NA,NA,161.46494212963,"Shrub8","s"
NA,NA,161.46494212963,"Shrub9","s"
NA,NA,161.46494212963,"Shrub10","s"
NA,NA,161.46494212963,"Shrub11","s"
NA,NA,161.46494212963,"Shrub13","s"
NA,NA,161.46494212963,"Shrub14","s"
NA,NA,161.46494212963,"Shrub15","s"
NA,NA,161.46494212963,"Forest1","f"
NA,NA,161.46494212963,"Forest2","f"
NA,NA,161.46494212963,"Forest3","f"
NA,NA,161.46494212963,"Forest4","f"
NA,NA,161.46494212963,"Forest5","f"
NA,NA,161.46494212963,"Forest6","f"
NA,NA,161.46494212963,"Forest7","f"
NA,NA,161.46494212963,"Forest8","f"
NA,NA,161.46494212963,"Forest9","f"
NA,NA,161.46494212963,"Forest10","f"
NA,NA,161.46494212963,"Forest11","f"
NA,NA,161.46494212963,"Forest12","f"
NA,NA,161.46494212963,"Forest13","f"
NA,NA,161.46494212963,"Forest14","f"
NA,NA,161.46494212963,"Forest15","f"
NA,NA,161.46494212963,"FP1","fp"
NA,NA,161.46494212963,"FP2","fp"
NA,NA,161.46494212963,"FP3","fp"
NA,NA,161.46494212963,"FP4","fp"
NA,NA,161.46494212963,"FP5","fp"
NA,NA,161.46494212963,"FP6","fp"
NA,NA,161.46494212963,"FP7","fp"
NA,NA,161.46494212963,"FP8","fp"
NA,NA,161.46494212963,"FP9","fp"
NA,NA,161.46494212963,"FP10","fp"
0.504569828510284,0.183176591992378,161.464953703704,"ForestShrub2","fs"
0.501239836215973,0.17138634622097,161.464953703704,"ForestShrub1","fs"
NA,NA,161.464953703704,"Shrub1","s"
NA,NA,161.464953703704,"Shrub2","s"
NA,NA,161.464953703704,"Shrub3","s"
NA,NA,161.464953703704,"Shrub4","s"
0.471127033233643,0.150290921330452,161.464953703704,"Shrub5","s"
0.418127566576004,0.132656440138817,161.464953703704,"Shrub6","s"
NA,NA,161.464953703704,"Shrub7","s"
NA,NA,161.464953703704,"Shrub8","s"
NA,NA,161.464953703704,"Shrub9","s"
NA,NA,161.464953703704,"Shrub10","s"
NA,NA,161.464953703704,"Shrub11","s"
NA,NA,161.464953703704,"Shrub13","s"
NA,NA,161.464953703704,"Shrub14","s"
NA,NA,161.464953703704,"Shrub15","s"
0.396065026521683,0.115056782960892,161.464953703704,"Forest1","f"
0.448609441518784,0.139992952346802,161.464953703704,"Forest2","f"
0.383267641067505,0.110143251717091,161.464953703704,"Forest3","f"
0.417721509933472,0.121641203761101,161.464953703704,"Forest4","f"
0.417864918708801,0.122259050607681,161.464953703704,"Forest5","f"
0.414434850215912,0.119156375527382,161.464953703704,"Forest6","f"
0.438643455505371,0.127572864294052,161.464953703704,"Forest7","f"
0.417802006006241,0.12015463411808,161.464953703704,"Forest8","f"
0.406021893024445,0.116678468883038,161.464953703704,"Forest9","f"
0.425654679536819,0.124332316219807,161.464953703704,"Forest10","f"
0.413062661886215,0.119963087141514,161.464953703704,"Forest11","f"
0.464710533618927,0.147388011217117,161.464953703704,"Forest12","f"
0.433658331632614,0.130691394209862,161.464953703704,"Forest13","f"
0.510861396789551,0.174826964735985,161.464953703704,"Forest14","f"
0.485011518001556,0.159347459673882,161.464953703704,"Forest15","f"
0.41919007897377,0.13310319185257,161.464953703704,"FP1","fp"
0.460215061903,0.155166164040565,161.464953703704,"FP2","fp"
0.397683411836624,0.128187716007233,161.464953703704,"FP3","fp"
0.444126069545746,0.146057620644569,161.464953703704,"FP4","fp"
0.420769542455673,0.12671634554863,161.464953703704,"FP5","fp"
0.254445135593414,0.0561387352645397,161.464953703704,"FP6","fp"
0.235513031482697,0.0568502657115459,161.464953703704,"FP7","fp"
0.270426601171494,0.0798173174262047,161.464953703704,"FP8","fp"
0.444888174533844,0.138477981090546,161.464953703704,"FP9","fp"
0.384431123733521,0.115703471004963,161.464953703704,"FP10","fp"
NA,NA,161.464976851852,"ForestShrub2","fs"
NA,NA,161.464976851852,"ForestShrub1","fs"
NA,NA,161.464976851852,"Shrub1","s"
NA,NA,161.464976851852,"Shrub2","s"
NA,NA,161.464976851852,"Shrub3","s"
NA,NA,161.464976851852,"Shrub4","s"
NA,NA,161.464976851852,"Shrub5","s"
NA,NA,161.464976851852,"Shrub6","s"
NA,NA,161.464976851852,"Shrub7","s"
NA,NA,161.464976851852,"Shrub8","s"
NA,NA,161.464976851852,"Shrub9","s"
NA,NA,161.464976851852,"Shrub10","s"
NA,NA,161.464976851852,"Shrub11","s"
NA,NA,161.464976851852,"Shrub13","s"
NA,NA,161.464976851852,"Shrub14","s"
NA,NA,161.464976851852,"Shrub15","s"
NA,NA,161.464976851852,"Forest1","f"
NA,NA,161.464976851852,"Forest2","f"
NA,NA,161.464976851852,"Forest3","f"
NA,NA,161.464976851852,"Forest4","f"
NA,NA,161.464976851852,"Forest5","f"
NA,NA,161.464976851852,"Forest6","f"
NA,NA,161.464976851852,"Forest7","f"
NA,NA,161.464976851852,"Forest8","f"
NA,NA,161.464976851852,"Forest9","f"
NA,NA,161.464976851852,"Forest10","f"
NA,NA,161.464976851852,"Forest11","f"
NA,NA,161.464976851852,"Forest12","f"
NA,NA,161.464976851852,"Forest13","f"
NA,NA,161.464976851852,"Forest14","f"
NA,NA,161.464976851852,"Forest15","f"
NA,NA,161.464976851852,"FP1","fp"
NA,NA,161.464976851852,"FP2","fp"
NA,NA,161.464976851852,"FP3","fp"
NA,NA,161.464976851852,"FP4","fp"
NA,NA,161.464976851852,"FP5","fp"
NA,NA,161.464976851852,"FP6","fp"
NA,NA,161.464976851852,"FP7","fp"
0.27988338470459,0.0826375111937523,161.464976851852,"FP8","fp"
0.441656708717346,0.136687457561493,161.464976851852,"FP9","fp"
0.387689858675003,0.115782186388969,161.464976851852,"FP10","fp"
NA,NA,161.464988425926,"ForestShrub2","fs"
NA,NA,161.464988425926,"ForestShrub1","fs"
NA,NA,161.464988425926,"Shrub1","s"
NA,NA,161.464988425926,"Shrub2","s"
NA,NA,161.464988425926,"Shrub3","s"
NA,NA,161.464988425926,"Shrub4","s"
NA,NA,161.464988425926,"Shrub5","s"
NA,NA,161.464988425926,"Shrub6","s"
NA,NA,161.464988425926,"Shrub7","s"
NA,NA,161.464988425926,"Shrub8","s"
NA,NA,161.464988425926,"Shrub9","s"
NA,NA,161.464988425926,"Shrub10","s"
NA,NA,161.464988425926,"Shrub11","s"
NA,NA,161.464988425926,"Shrub13","s"
NA,NA,161.464988425926,"Shrub14","s"
NA,NA,161.464988425926,"Shrub15","s"
NA,NA,161.464988425926,"Forest1","f"
NA,NA,161.464988425926,"Forest2","f"
NA,NA,161.464988425926,"Forest3","f"
NA,NA,161.464988425926,"Forest4","f"
NA,NA,161.464988425926,"Forest5","f"
NA,NA,161.464988425926,"Forest6","f"
NA,NA,161.464988425926,"Forest7","f"
NA,NA,161.464988425926,"Forest8","f"
NA,NA,161.464988425926,"Forest9","f"
NA,NA,161.464988425926,"Forest10","f"
NA,NA,161.464988425926,"Forest11","f"
NA,NA,161.464988425926,"Forest12","f"
NA,NA,161.464988425926,"Forest13","f"
NA,NA,161.464988425926,"Forest14","f"
NA,NA,161.464988425926,"Forest15","f"
NA,NA,161.464988425926,"FP1","fp"
NA,NA,161.464988425926,"FP2","fp"
NA,NA,161.464988425926,"FP3","fp"
NA,NA,161.464988425926,"FP4","fp"
NA,NA,161.464988425926,"FP5","fp"
NA,NA,161.464988425926,"FP6","fp"
NA,NA,161.464988425926,"FP7","fp"
NA,NA,161.464988425926,"FP8","fp"
NA,NA,161.464988425926,"FP9","fp"
NA,NA,161.464988425926,"FP10","fp"
NA,NA,161.465,"ForestShrub2","fs"
NA,NA,161.465,"ForestShrub1","fs"
NA,NA,161.465,"Shrub1","s"
NA,NA,161.465,"Shrub2","s"
NA,NA,161.465,"Shrub3","s"
NA,NA,161.465,"Shrub4","s"
NA,NA,161.465,"Shrub5","s"
NA,NA,161.465,"Shrub6","s"
NA,NA,161.465,"Shrub7","s"
NA,NA,161.465,"Shrub8","s"
NA,NA,161.465,"Shrub9","s"
NA,NA,161.465,"Shrub10","s"
NA,NA,161.465,"Shrub11","s"
NA,NA,161.465,"Shrub13","s"
NA,NA,161.465,"Shrub14","s"
NA,NA,161.465,"Shrub15","s"
NA,NA,161.465,"Forest1","f"
NA,NA,161.465,"Forest2","f"
NA,NA,161.465,"Forest3","f"
NA,NA,161.465,"Forest4","f"
NA,NA,161.465,"Forest5","f"
NA,NA,161.465,"Forest6","f"
NA,NA,161.465,"Forest7","f"
NA,NA,161.465,"Forest8","f"
NA,NA,161.465,"Forest9","f"
NA,NA,161.465,"Forest10","f"
NA,NA,161.465,"Forest11","f"
NA,NA,161.465,"Forest12","f"
NA,NA,161.465,"Forest13","f"
NA,NA,161.465,"Forest14","f"
NA,NA,161.465,"Forest15","f"
NA,NA,161.465,"FP1","fp"
NA,NA,161.465,"FP2","fp"
NA,NA,161.465,"FP3","fp"
NA,NA,161.465,"FP4","fp"
NA,NA,161.465,"FP5","fp"
NA,NA,161.465,"FP6","fp"
NA,NA,161.465,"FP7","fp"
NA,NA,161.465,"FP8","fp"
NA,NA,161.465,"FP9","fp"
NA,NA,161.465,"FP10","fp"
NA,NA,161.465011574074,"ForestShrub2","fs"
NA,NA,161.465011574074,"ForestShrub1","fs"
NA,NA,161.465011574074,"Shrub1","s"
NA,NA,161.465011574074,"Shrub2","s"
NA,NA,161.465011574074,"Shrub3","s"
NA,NA,161.465011574074,"Shrub4","s"
NA,NA,161.465011574074,"Shrub5","s"
NA,NA,161.465011574074,"Shrub6","s"
NA,NA,161.465011574074,"Shrub7","s"
NA,NA,161.465011574074,"Shrub8","s"
NA,NA,161.465011574074,"Shrub9","s"
NA,NA,161.465011574074,"Shrub10","s"
NA,NA,161.465011574074,"Shrub11","s"
NA,NA,161.465011574074,"Shrub13","s"
NA,NA,161.465011574074,"Shrub14","s"
NA,NA,161.465011574074,"Shrub15","s"
NA,NA,161.465011574074,"Forest1","f"
NA,NA,161.465011574074,"Forest2","f"
NA,NA,161.465011574074,"Forest3","f"
NA,NA,161.465011574074,"Forest4","f"
NA,NA,161.465011574074,"Forest5","f"
NA,NA,161.465011574074,"Forest6","f"
NA,NA,161.465011574074,"Forest7","f"
NA,NA,161.465011574074,"Forest8","f"
NA,NA,161.465011574074,"Forest9","f"
NA,NA,161.465011574074,"Forest10","f"
NA,NA,161.465011574074,"Forest11","f"
NA,NA,161.465011574074,"Forest12","f"
NA,NA,161.465011574074,"Forest13","f"
NA,NA,161.465011574074,"Forest14","f"
NA,NA,161.465011574074,"Forest15","f"
NA,NA,161.465011574074,"FP1","fp"
NA,NA,161.465011574074,"FP2","fp"
NA,NA,161.465011574074,"FP3","fp"
NA,NA,161.465011574074,"FP4","fp"
NA,NA,161.465011574074,"FP5","fp"
NA,NA,161.465011574074,"FP6","fp"
NA,NA,161.465011574074,"FP7","fp"
NA,NA,161.465011574074,"FP8","fp"
NA,NA,161.465011574074,"FP9","fp"
NA,NA,161.465011574074,"FP10","fp"
NA,NA,162.858599537037,"ForestShrub2","fs"
NA,NA,162.858599537037,"ForestShrub1","fs"
0.521698415279388,0.237317502498627,162.858599537037,"Shrub1","s"
0.46288800239563,0.19197940826416,162.858599537037,"Shrub2","s"
NA,NA,162.858599537037,"Shrub3","s"
0.535908102989197,0.242098286747932,162.858599537037,"Shrub4","s"
NA,NA,162.858599537037,"Shrub5","s"
NA,NA,162.858599537037,"Shrub6","s"
0.518659055233002,0.232005432248116,162.858599537037,"Shrub7","s"
0.606973052024841,0.291432052850723,162.858599537037,"Shrub8","s"
0.604118227958679,0.284245401620865,162.858599537037,"Shrub9","s"
0.548101246356964,0.25236776471138,162.858599537037,"Shrub10","s"
0.485675305128098,0.205311566591263,162.858599537037,"Shrub11","s"
0.561221301555634,0.267404526472092,162.858599537037,"Shrub13","s"
NA,NA,162.858599537037,"Shrub14","s"
0.576246321201324,0.251511961221695,162.858599537037,"Shrub15","s"
NA,NA,162.858599537037,"Forest1","f"
NA,NA,162.858599537037,"Forest2","f"
NA,NA,162.858599537037,"Forest3","f"
NA,NA,162.858599537037,"Forest4","f"
NA,NA,162.858599537037,"Forest5","f"
NA,NA,162.858599537037,"Forest6","f"
NA,NA,162.858599537037,"Forest7","f"
NA,NA,162.858599537037,"Forest8","f"
NA,NA,162.858599537037,"Forest9","f"
NA,NA,162.858599537037,"Forest10","f"
NA,NA,162.858599537037,"Forest11","f"
NA,NA,162.858599537037,"Forest12","f"
NA,NA,162.858599537037,"Forest13","f"
NA,NA,162.858599537037,"Forest14","f"
NA,NA,162.858599537037,"Forest15","f"
NA,NA,162.858599537037,"FP1","fp"
NA,NA,162.858599537037,"FP2","fp"
NA,NA,162.858599537037,"FP3","fp"
NA,NA,162.858599537037,"FP4","fp"
NA,NA,162.858599537037,"FP5","fp"
NA,NA,162.858599537037,"FP6","fp"
NA,NA,162.858599537037,"FP7","fp"
NA,NA,162.858599537037,"FP8","fp"
NA,NA,162.858599537037,"FP9","fp"
NA,NA,162.858599537037,"FP10","fp"
0.254766017198563,0.0551222451031208,162.858611111111,"ForestShrub2","fs"
0.351190477609634,0.0870591700077057,162.858611111111,"ForestShrub1","fs"
0.52690863609314,0.239531174302101,162.858611111111,"Shrub1","s"
0.440424829721451,0.188703387975693,162.858611111111,"Shrub2","s"
0.505624651908875,0.231023102998734,162.858611111111,"Shrub3","s"
0.54869818687439,0.254457086324692,162.858611111111,"Shrub4","s"
0.504785656929016,0.196717590093613,162.858611111111,"Shrub5","s"
0.524980187416077,0.212800160050392,162.858611111111,"Shrub6","s"
0.524413466453552,0.239724040031433,162.858611111111,"Shrub7","s"
0.571030616760254,0.267027527093887,162.858611111111,"Shrub8","s"
0.583497047424316,0.266782432794571,162.858611111111,"Shrub9","s"
0.53735089302063,0.2512326836586,162.858611111111,"Shrub10","s"
0.468328833580017,0.195989966392517,162.858611111111,"Shrub11","s"
0.540800511837006,0.247086837887764,162.858611111111,"Shrub13","s"
0.563448488712311,0.264161795377731,162.858611111111,"Shrub14","s"
0.557323694229126,0.242868393659592,162.858611111111,"Shrub15","s"
0.4978187084198,0.174862086772919,162.858611111111,"Forest1","f"
0.396978855133057,0.115832157433033,162.858611111111,"Forest2","f"
0.440043419599533,0.140282288193703,162.858611111111,"Forest3","f"
0.462012320756912,0.154051557183266,162.858611111111,"Forest4","f"
0.427184462547302,0.125373989343643,162.858611111111,"Forest5","f"
0.424799084663391,0.129579037427902,162.858611111111,"Forest6","f"
0.467449307441711,0.152014717459679,162.858611111111,"Forest7","f"
0.43180388212204,0.123730279505253,162.858611111111,"Forest8","f"
0.57820463180542,0.24135223031044,162.858611111111,"Forest9","f"
0.393511980772018,0.10258861631155,162.858611111111,"Forest10","f"
0.397524058818817,0.105675004422665,162.858611111111,"Forest11","f"
0.372052907943726,0.11150173842907,162.858611111111,"Forest12","f"
0.427442133426666,0.132010325789452,162.858611111111,"Forest13","f"
0.476548939943314,0.146786049008369,162.858611111111,"Forest14","f"
0.300970882177353,0.0648634284734726,162.858611111111,"Forest15","f"
0.507185101509094,0.195841625332832,162.858611111111,"FP1","fp"
0.484297513961792,0.188091799616814,162.858611111111,"FP2","fp"
0.42801097035408,0.168037459254265,162.858611111111,"FP3","fp"
0.528589069843292,0.2095085978508,162.858611111111,"FP4","fp"
0.474387526512146,0.174790740013123,162.858611111111,"FP5","fp"
0.273209542036057,0.0721389576792717,162.858611111111,"FP6","fp"
0.244988858699799,0.0722567066550255,162.858611111111,"FP7","fp"
0.334154337644577,0.116712547838688,162.858611111111,"FP8","fp"
0.518425762653351,0.223645627498627,162.858611111111,"FP9","fp"
0.383378028869629,0.121022343635559,162.858611111111,"FP10","fp"
NA,NA,163.854085648148,"ForestShrub2","fs"
NA,NA,163.854085648148,"ForestShrub1","fs"
0.578409075737,0.278789550065994,163.854085648148,"Shrub1","s"
0.591141402721405,0.291359961032867,163.854085648148,"Shrub2","s"
0.53507137298584,0.23588003218174,163.854085648148,"Shrub3","s"
0.590643286705017,0.277649164199829,163.854085648148,"Shrub4","s"
0.598300516605377,0.2490513920784,163.854085648148,"Shrub5","s"
0.604868173599243,0.246202111244202,163.854085648148,"Shrub6","s"
0.588424444198608,0.260275930166245,163.854085648148,"Shrub7","s"
0.610909104347229,0.286770969629288,163.854085648148,"Shrub8","s"
0.617230772972107,0.298068344593048,163.854085648148,"Shrub9","s"
0.584439098834991,0.277277022600174,163.854085648148,"Shrub10","s"
0.580493927001953,0.265414625406265,163.854085648148,"Shrub11","s"
0.596879899501801,0.278659880161285,163.854085648148,"Shrub13","s"
0.632768332958221,0.300518751144409,163.854085648148,"Shrub14","s"
0.600587368011475,0.258304923772812,163.854085648148,"Shrub15","s"
0.538904905319214,0.190822809934616,163.854085648148,"Forest1","f"
0.45080092549324,0.137062549591064,163.854085648148,"Forest2","f"
0.555185794830322,0.178139239549637,163.854085648148,"Forest3","f"
0.543644726276398,0.184173211455345,163.854085648148,"Forest4","f"
0.462616831064224,0.136556431651115,163.854085648148,"Forest5","f"
0.454742550849915,0.143738225102425,163.854085648148,"Forest6","f"
0.542916238307953,0.182589650154114,163.854085648148,"Forest7","f"
0.43343847990036,0.122133336961269,163.854085648148,"Forest8","f"
0.583242237567902,0.252603352069855,163.854085648148,"Forest9","f"
0.448928117752075,0.127179190516472,163.854085648148,"Forest10","f"
0.474585950374603,0.145523950457573,163.854085648148,"Forest11","f"
0.516968309879303,0.161735564470291,163.854085648148,"Forest12","f"
0.543256342411041,0.177855178713799,163.854085648148,"Forest13","f"
0.583937525749207,0.188438147306442,163.854085648148,"Forest14","f"
0.409921675920486,0.090202234685421,163.854085648148,"Forest15","f"
NA,NA,163.854085648148,"FP1","fp"
NA,NA,163.854085648148,"FP2","fp"
NA,NA,163.854085648148,"FP3","fp"
NA,NA,163.854085648148,"FP4","fp"
NA,NA,163.854085648148,"FP5","fp"
NA,NA,163.854085648148,"FP6","fp"
NA,NA,163.854085648148,"FP7","fp"
NA,NA,163.854085648148,"FP8","fp"
NA,NA,163.854085648148,"FP9","fp"
NA,NA,163.854085648148,"FP10","fp"
0.506865322589874,0.195290520787239,165.463831018519,"ForestShrub2","fs"
0.525816023349762,0.204147458076477,165.463831018519,"ForestShrub1","fs"
0.515202701091766,0.201590687036514,165.463831018519,"Shrub1","s"
0.445705980062485,0.16754212975502,165.463831018519,"Shrub2","s"
0.475908696651459,0.183834731578827,165.463831018519,"Shrub3","s"
0.490241765975952,0.189245715737343,165.463831018519,"Shrub4","s"
0.511821091175079,0.187763705849648,165.463831018519,"Shrub5","s"
0.474903464317322,0.171923771500587,165.463831018519,"Shrub6","s"
0.50591629743576,0.197210028767586,165.463831018519,"Shrub7","s"
0.52314168214798,0.210140839219093,165.463831018519,"Shrub8","s"
0.527366042137146,0.208987593650818,165.463831018519,"Shrub9","s"
0.500142812728882,0.193301245570183,165.463831018519,"Shrub10","s"
0.475092500448227,0.180897876620293,165.463831018519,"Shrub11","s"
0.493506491184235,0.193153440952301,165.463831018519,"Shrub13","s"
0.503962457180023,0.194808140397072,165.463831018519,"Shrub14","s"
0.549580812454224,0.219044551253319,165.463831018519,"Shrub15","s"
0.438610047101974,0.138688802719116,165.463831018519,"Forest1","f"
0.437413066625595,0.147179260849953,165.463831018519,"Forest2","f"
0.42736029624939,0.13652591407299,165.463831018519,"Forest3","f"
0.432442605495453,0.140022903680801,165.463831018519,"Forest4","f"
0.398398786783218,0.124446243047714,165.463831018519,"Forest5","f"
0.389067530632019,0.120051592588425,165.463831018519,"Forest6","f"
0.407496005296707,0.125889971852303,165.463831018519,"Forest7","f"
0.411341845989227,0.127940773963928,165.463831018519,"Forest8","f"
0.471683770418167,0.154096409678459,165.463831018519,"Forest9","f"
0.409624844789505,0.131195694208145,165.463831018519,"Forest10","f"
0.409235656261444,0.12753076851368,165.463831018519,"Forest11","f"
0.456399440765381,0.154641628265381,165.463831018519,"Forest12","f"
0.418351471424103,0.134335443377495,165.463831018519,"Forest13","f"
0.510905504226685,0.185629889369011,165.463831018519,"Forest14","f"
0.517985582351685,0.190792798995972,165.463831018519,"Forest15","f"
0.487908095121384,0.182060196995735,165.463831018519,"FP1","fp"
0.528798997402191,0.20371550321579,165.463831018519,"FP2","fp"
0.435987174510956,0.159968331456184,165.463831018519,"FP3","fp"
0.478708207607269,0.180406257510185,165.463831018519,"FP4","fp"
0.489291608333588,0.176240205764771,165.463831018519,"FP5","fp"
0.265284985303879,0.0651068165898323,165.463831018519,"FP6","fp"
0.233895376324654,0.0627377331256866,165.463831018519,"FP7","fp"
0.304180055856705,0.0975861325860023,165.463831018519,"FP8","fp"
0.52238804101944,0.196827337145805,165.463831018519,"FP9","fp"
0.476549685001373,0.172553017735481,165.463831018519,"FP10","fp"
0.517049431800842,0.138263419270515,166.854282407407,"ForestShrub2","fs"
0.453769564628601,0.117573343217373,166.854282407407,"ForestShrub1","fs"
0.615003883838654,0.313437581062317,166.854282407407,"Shrub1","s"
0.577850878238678,0.279494047164917,166.854282407407,"Shrub2","s"
0.577213823795319,0.278799265623093,166.854282407407,"Shrub3","s"
0.620372951030731,0.303504794836044,166.854282407407,"Shrub4","s"
NA,NA,166.854282407407,"Shrub5","s"
NA,NA,166.854282407407,"Shrub6","s"
0.63201779127121,0.315386533737183,166.854282407407,"Shrub7","s"
0.58646023273468,0.304728388786316,166.854282407407,"Shrub8","s"
0.656621515750885,0.341294467449188,166.854282407407,"Shrub9","s"
0.610794603824615,0.290460586547852,166.854282407407,"Shrub10","s"
0.592405796051025,0.279597908258438,166.854282407407,"Shrub11","s"
0.609175860881805,0.299607217311859,166.854282407407,"Shrub13","s"
0.678437650203705,0.361191809177399,166.854282407407,"Shrub14","s"
0.642085790634155,0.310903280973434,166.854282407407,"Shrub15","s"
0.564346969127655,0.19835153222084,166.854282407407,"Forest1","f"
0.522624433040619,0.163447245955467,166.854282407407,"Forest2","f"
0.519027471542358,0.170137569308281,166.854282407407,"Forest3","f"
0.49809056520462,0.158556491136551,166.854282407407,"Forest4","f"
0.484198659658432,0.14963898062706,166.854282407407,"Forest5","f"
0.471345037221909,0.13959127664566,166.854282407407,"Forest6","f"
0.529663264751434,0.172666132450104,166.854282407407,"Forest7","f"
0.508615911006927,0.159280017018318,166.854282407407,"Forest8","f"
0.614501059055328,0.271126300096512,166.854282407407,"Forest9","f"
0.425605535507202,0.126638755202293,166.854282407407,"Forest10","f"
0.51518440246582,0.165430292487144,166.854282407407,"Forest11","f"
0.487259477376938,0.159810349345207,166.854282407407,"Forest12","f"
0.488579392433167,0.150557935237885,166.854282407407,"Forest13","f"
0.583333313465118,0.165360525250435,166.854282407407,"Forest14","f"
0.407258063554764,0.0794681161642075,166.854282407407,"Forest15","f"
0.661136627197266,0.302184492349625,166.854282407407,"FP1","fp"
0.663061320781708,0.310352236032486,166.854282407407,"FP2","fp"
0.602885603904724,0.26861971616745,166.854282407407,"FP3","fp"
0.657494306564331,0.312432706356049,166.854282407407,"FP4","fp"
0.618761718273163,0.25850448012352,166.854282407407,"FP5","fp"
0.428248584270477,0.127437800168991,166.854282407407,"FP6","fp"
0.299136072397232,0.0881912857294083,166.854282407407,"FP7","fp"
0.444672137498856,0.1725143045187,166.854282407407,"FP8","fp"
0.714196979999542,0.364538729190826,166.854282407407,"FP9","fp"
0.55573183298111,0.218040898442268,166.854282407407,"FP10","fp"
0.419009357690811,0.11207390576601,166.854293981481,"ForestShrub2","fs"
0.456826567649841,0.114863611757755,166.854293981481,"ForestShrub1","fs"
NA,NA,166.854293981481,"Shrub1","s"
NA,NA,166.854293981481,"Shrub2","s"
NA,NA,166.854293981481,"Shrub3","s"
NA,NA,166.854293981481,"Shrub4","s"
0.638437628746033,0.281804025173187,166.854293981481,"Shrub5","s"
0.568393588066101,0.238087803125381,166.854293981481,"Shrub6","s"
NA,NA,166.854293981481,"Shrub7","s"
NA,NA,166.854293981481,"Shrub8","s"
NA,NA,166.854293981481,"Shrub9","s"
NA,NA,166.854293981481,"Shrub10","s"
NA,NA,166.854293981481,"Shrub11","s"
NA,NA,166.854293981481,"Shrub13","s"
NA,NA,166.854293981481,"Shrub14","s"
NA,NA,166.854293981481,"Shrub15","s"
0.588264524936676,0.205868020653725,166.854293981481,"Forest1","f"
0.482152968645096,0.148412972688675,166.854293981481,"Forest2","f"
0.519565224647522,0.166463524103165,166.854293981481,"Forest3","f"
0.483333319425583,0.150858327746391,166.854293981481,"Forest4","f"
0.466130882501602,0.141296029090881,166.854293981481,"Forest5","f"
0.475845396518707,0.13953323662281,166.854293981481,"Forest6","f"
0.4935622215271,0.158358573913574,166.854293981481,"Forest7","f"
0.494331061840057,0.152511537075043,166.854293981481,"Forest8","f"
0.584742724895477,0.245594412088394,166.854293981481,"Forest9","f"
0.445783138275146,0.129665330052376,166.854293981481,"Forest10","f"
0.483870953321457,0.152781128883362,166.854293981481,"Forest11","f"
0.499460637569427,0.155041351914406,166.854293981481,"Forest12","f"
0.458122551441193,0.140696749091148,166.854293981481,"Forest13","f"
0.486226767301559,0.13699372112751,166.854293981481,"Forest14","f"
0.383505165576935,0.0730701237916946,166.854293981481,"Forest15","f"
NA,NA,166.854293981481,"FP1","fp"
NA,NA,166.854293981481,"FP2","fp"
NA,NA,166.854293981481,"FP3","fp"
NA,NA,166.854293981481,"FP4","fp"
NA,NA,166.854293981481,"FP5","fp"
NA,NA,166.854293981481,"FP6","fp"
NA,NA,166.854293981481,"FP7","fp"
NA,NA,166.854293981481,"FP8","fp"
NA,NA,166.854293981481,"FP9","fp"
NA,NA,166.854293981481,"FP10","fp"
0.562359988689423,0.144402250647545,177.855208333333,"ForestShrub2","fs"
0.616361081600189,0.16803814470768,177.855208333333,"ForestShrub1","fs"
0.67715460062027,0.366178423166275,177.855208333333,"Shrub1","s"
0.643040120601654,0.333225160837173,177.855208333333,"Shrub2","s"
0.638172030448914,0.336594343185425,177.855208333333,"Shrub3","s"
0.724806189537048,0.400073349475861,177.855208333333,"Shrub4","s"
NA,NA,177.855208333333,"Shrub5","s"
NA,NA,177.855208333333,"Shrub6","s"
0.680811285972595,0.374497205018997,177.855208333333,"Shrub7","s"
0.688405811786652,0.370137274265289,177.855208333333,"Shrub8","s"
0.70345538854599,0.399578154087067,177.855208333333,"Shrub9","s"
0.697123527526855,0.37384307384491,177.855208333333,"Shrub10","s"
0.635171413421631,0.315470010042191,177.855208333333,"Shrub11","s"
0.629843831062317,0.315780311822891,177.855208333333,"Shrub13","s"
0.705286860466003,0.380553543567657,177.855208333333,"Shrub14","s"
0.699607312679291,0.342167586088181,177.855208333333,"Shrub15","s"
0.62774795293808,0.225882440805435,177.855208333333,"Forest1","f"
0.557723581790924,0.181930691003799,177.855208333333,"Forest2","f"
0.5859255194664,0.201635539531708,177.855208333333,"Forest3","f"
0.601664066314697,0.205243736505508,177.855208333333,"Forest4","f"
0.507428586483002,0.156696662306786,177.855208333333,"Forest5","f"
0.561403512954712,0.181734278798103,177.855208333333,"Forest6","f"
0.612524449825287,0.219318225979805,177.855208333333,"Forest7","f"
0.69276750087738,0.219915747642517,177.855208333333,"Forest8","f"
0.711572289466858,0.333542168140411,177.855208333333,"Forest9","f"
0.494949489831924,0.135184839367867,177.855208333333,"Forest10","f"
0.569266617298126,0.176975131034851,177.855208333333,"Forest11","f"
0.523395001888275,0.168205350637436,177.855208333333,"Forest12","f"
0.577777802944183,0.211992532014847,177.855208333333,"Forest13","f"
0.586980938911438,0.1883395165205,177.855208333333,"Forest14","f"
0.430210322141647,0.0880040675401688,177.855208333333,"Forest15","f"
0.696828067302704,0.336016744375229,177.855208333333,"FP1","fp"
0.713428854942322,0.347260504961014,177.855208333333,"FP2","fp"
0.714191615581512,0.350698500871658,177.855208333333,"FP3","fp"
0.73022049665451,0.36495640873909,177.855208333333,"FP4","fp"
0.705210566520691,0.326191037893295,177.855208333333,"FP5","fp"
0.53226637840271,0.178010284900665,177.855208333333,"FP6","fp"
0.505398452281952,0.167919367551804,177.855208333333,"FP7","fp"
0.600720703601837,0.263016730546951,177.855208333333,"FP8","fp"
0.770235002040863,0.422649562358856,177.855208333333,"FP9","fp"
0.715437352657318,0.305697172880173,177.855208333333,"FP10","fp"
0.530014634132385,0.136619240045547,177.855219907407,"ForestShrub2","fs"
0.579600274562836,0.159268230199814,177.855219907407,"ForestShrub1","fs"
NA,NA,177.855219907407,"Shrub1","s"
NA,NA,177.855219907407,"Shrub2","s"
NA,NA,177.855219907407,"Shrub3","s"
NA,NA,177.855219907407,"Shrub4","s"
0.714285731315613,0.361745238304138,177.855219907407,"Shrub5","s"
0.662565886974335,0.300254851579666,177.855219907407,"Shrub6","s"
NA,NA,177.855219907407,"Shrub7","s"
NA,NA,177.855219907407,"Shrub8","s"
NA,NA,177.855219907407,"Shrub9","s"
NA,NA,177.855219907407,"Shrub10","s"
NA,NA,177.855219907407,"Shrub11","s"
NA,NA,177.855219907407,"Shrub13","s"
NA,NA,177.855219907407,"Shrub14","s"
NA,NA,177.855219907407,"Shrub15","s"
0.596356689929962,0.214727103710175,177.855219907407,"Forest1","f"
0.547798037528992,0.17892225086689,177.855219907407,"Forest2","f"
0.603305757045746,0.206601336598396,177.855219907407,"Forest3","f"
0.566412210464478,0.193095073103905,177.855219907407,"Forest4","f"
0.528181314468384,0.161818638443947,177.855219907407,"Forest5","f"
0.561779260635376,0.181370109319687,177.855219907407,"Forest6","f"
0.60233348608017,0.215298533439636,177.855219907407,"Forest7","f"
0.514438509941101,0.166724443435669,177.855219907407,"Forest8","f"
0.689475536346436,0.322261184453964,177.855219907407,"Forest9","f"
0.455145120620728,0.124203480780125,177.855219907407,"Forest10","f"
0.539691627025604,0.16813750565052,177.855219907407,"Forest11","f"
0.537280678749084,0.172123089432716,177.855219907407,"Forest12","f"
0.561355292797089,0.205787569284439,177.855219907407,"Forest13","f"
0.592780590057373,0.189635887742043,177.855219907407,"Forest14","f"
0.271646857261658,0.0585951805114746,177.855219907407,"Forest15","f"
NA,NA,177.855219907407,"FP1","fp"
NA,NA,177.855219907407,"FP2","fp"
NA,NA,177.855219907407,"FP3","fp"
NA,NA,177.855219907407,"FP4","fp"
NA,NA,177.855219907407,"FP5","fp"
NA,NA,177.855219907407,"FP6","fp"
NA,NA,177.855219907407,"FP7","fp"
NA,NA,177.855219907407,"FP8","fp"
NA,NA,177.855219907407,"FP9","fp"
NA,NA,177.855219907407,"FP10","fp"
0.620108187198639,0.252650946378708,178.465115740741,"ForestShrub2","fs"
0.67182868719101,0.280390530824661,178.465115740741,"ForestShrub1","fs"
0.650110721588135,0.274277925491333,178.465115740741,"Shrub1","s"
0.587601959705353,0.23265728354454,178.465115740741,"Shrub2","s"
0.573643386363983,0.225254938006401,178.465115740741,"Shrub3","s"
0.650112152099609,0.273767441511154,178.465115740741,"Shrub4","s"
0.702950179576874,0.291741728782654,178.465115740741,"Shrub5","s"
0.64888733625412,0.252807438373566,178.465115740741,"Shrub6","s"
0.636132299900055,0.266894429922104,178.465115740741,"Shrub7","s"
0.662304520606995,0.279717445373535,178.465115740741,"Shrub8","s"
0.644608676433563,0.262703984975815,178.465115740741,"Shrub9","s"
0.623215973377228,0.260051339864731,178.465115740741,"Shrub10","s"
0.579719841480255,0.223588734865189,178.465115740741,"Shrub11","s"
0.626073122024536,0.257925063371658,178.465115740741,"Shrub13","s"
0.655913949012756,0.27226248383522,178.465115740741,"Shrub14","s"
0.667000353336334,0.276992559432983,178.465115740741,"Shrub15","s"
0.553299486637115,0.162613749504089,178.465115740741,"Forest1","f"
0.608194649219513,0.209737718105316,178.465115740741,"Forest2","f"
0.5712890625,0.177267357707024,178.465115740741,"Forest3","f"
0.559070706367493,0.169331654906273,178.465115740741,"Forest4","f"
0.577490746974945,0.185751169919968,178.465115740741,"Forest5","f"
0.546932339668274,0.160688981413841,178.465115740741,"Forest6","f"
0.557485938072205,0.164709076285362,178.465115740741,"Forest7","f"
0.545543611049652,0.166075319051743,178.465115740741,"Forest8","f"
0.591493546962738,0.182684674859047,178.465115740741,"Forest9","f"
0.542766630649567,0.15750926733017,178.465115740741,"Forest10","f"
0.540391385555267,0.161464422941208,178.465115740741,"Forest11","f"
0.554168522357941,0.179385781288147,178.465115740741,"Forest12","f"
0.578449904918671,0.183800339698792,178.465115740741,"Forest13","f"
0.637227714061737,0.233764350414276,178.465115740741,"Forest14","f"
0.606047868728638,0.209452196955681,178.465115740741,"Forest15","f"
0.695637941360474,0.296162873506546,178.465115740741,"FP1","fp"
0.714285731315613,0.317743122577667,178.465115740741,"FP2","fp"
0.682685971260071,0.290753096342087,178.465115740741,"FP3","fp"
0.722085893154144,0.328587383031845,178.465115740741,"FP4","fp"
0.723924279212952,0.308131873607635,178.465115740741,"FP5","fp"
0.499683350324631,0.125885501503944,178.465115740741,"FP6","fp"
0.422702699899673,0.114427857100964,178.465115740741,"FP7","fp"
0.524511635303497,0.185137003660202,178.465115740741,"FP8","fp"
0.741020798683167,0.336837291717529,178.465115740741,"FP9","fp"
NA,NA,178.465115740741,"FP10","fp"
NA,NA,193.462604166667,"ForestShrub2","fs"
NA,NA,193.462604166667,"ForestShrub1","fs"
0.453142732381821,0.178977936506271,193.462604166667,"Shrub1","s"
0.397711664438248,0.15077643096447,193.462604166667,"Shrub2","s"
0.504934668540955,0.200135320425034,193.462604166667,"Shrub3","s"
0.517634868621826,0.206467092037201,193.462604166667,"Shrub4","s"
NA,NA,193.462604166667,"Shrub5","s"
NA,NA,193.462604166667,"Shrub6","s"
0.529472351074219,0.216116830706596,193.462604166667,"Shrub7","s"
0.559284746646881,0.229173704981804,193.462604166667,"Shrub8","s"
0.576759040355682,0.243206188082695,193.462604166667,"Shrub9","s"
0.533518850803375,0.216436445713043,193.462604166667,"Shrub10","s"
0.509835541248322,0.184558272361755,193.462604166667,"Shrub11","s"
0.53764933347702,0.215873092412949,193.462604166667,"Shrub13","s"
0.559340357780457,0.228452175855637,193.462604166667,"Shrub14","s"
0.576634228229523,0.236968442797661,193.462604166667,"Shrub15","s"
NA,NA,193.462604166667,"Forest1","f"
0.103101916611195,0.0327238626778126,193.462604166667,"Forest2","f"
NA,NA,193.462604166667,"Forest3","f"
NA,NA,193.462604166667,"Forest4","f"
NA,NA,193.462604166667,"Forest5","f"
NA,NA,193.462604166667,"Forest6","f"
NA,NA,193.462604166667,"Forest7","f"
NA,NA,193.462604166667,"Forest8","f"
NA,NA,193.462604166667,"Forest9","f"
NA,NA,193.462604166667,"Forest10","f"
NA,NA,193.462604166667,"Forest11","f"
NA,NA,193.462604166667,"Forest12","f"
0.461785495281219,0.161871314048767,193.462604166667,"Forest13","f"
0.185051396489143,0.063597559928894,193.462604166667,"Forest14","f"
0.267615288496017,0.0955605059862137,193.462604166667,"Forest15","f"
NA,NA,193.462604166667,"FP1","fp"
NA,NA,193.462604166667,"FP2","fp"
NA,NA,193.462604166667,"FP3","fp"
NA,NA,193.462604166667,"FP4","fp"
NA,NA,193.462604166667,"FP5","fp"
NA,NA,193.462604166667,"FP6","fp"
NA,NA,193.462604166667,"FP7","fp"
NA,NA,193.462604166667,"FP8","fp"
NA,NA,193.462604166667,"FP9","fp"
NA,NA,193.462604166667,"FP10","fp"
0.604066371917725,0.267275869846344,200.4659375,"ForestShrub2","fs"
0.639155447483063,0.288390159606934,200.4659375,"ForestShrub1","fs"
0.611668169498444,0.211818933486938,200.4659375,"Shrub1","s"
0.607223451137543,0.208559468388557,200.4659375,"Shrub2","s"
0.52604466676712,0.150734812021255,200.4659375,"Shrub3","s"
0.676436126232147,0.206721127033234,200.4659375,"Shrub4","s"
0.723938763141632,0.346644163131714,200.4659375,"Shrub5","s"
0.661879122257233,0.29545333981514,200.4659375,"Shrub6","s"
0.587561368942261,0.17774623632431,200.4659375,"Shrub7","s"
0.628827154636383,0.213422432541847,200.4659375,"Shrub8","s"
0.677165329456329,0.23119056224823,200.4659375,"Shrub9","s"
0.636580526828766,0.241550996899605,200.4659375,"Shrub10","s"
0.557245075702667,0.184965267777443,200.4659375,"Shrub11","s"
0.596320927143097,0.190817221999168,200.4659375,"Shrub13","s"
0.588344693183899,0.160923823714256,200.4659375,"Shrub14","s"
0.629013061523438,0.183051317930222,200.4659375,"Shrub15","s"
0.596945285797119,0.207865506410599,200.4659375,"Forest1","f"
0.595114707946777,0.224712818861008,200.4659375,"Forest2","f"
0.596244156360626,0.209094181656837,200.4659375,"Forest3","f"
0.56988388299942,0.201307147741318,200.4659375,"Forest4","f"
0.567789673805237,0.200592190027237,200.4659375,"Forest5","f"
0.538878858089447,0.175635054707527,200.4659375,"Forest6","f"
0.580159425735474,0.194298595190048,200.4659375,"Forest7","f"
0.542489290237427,0.179724156856537,200.4659375,"Forest8","f"
0.61424332857132,0.217842325568199,200.4659375,"Forest9","f"
0.559158623218536,0.189632624387741,200.4659375,"Forest10","f"
0.539555549621582,0.177589237689972,200.4659375,"Forest11","f"
0.629001140594482,0.233460247516632,200.4659375,"Forest12","f"
0.593658745288849,0.211699247360229,200.4659375,"Forest13","f"
0.663062453269958,0.27142408490181,200.4659375,"Forest14","f"
0.634535372257233,0.253933906555176,200.4659375,"Forest15","f"
0.688267171382904,0.312297612428665,200.4659375,"FP1","fp"
0.693816900253296,0.313937544822693,200.4659375,"FP2","fp"
0.674655497074127,0.301666408777237,200.4659375,"FP3","fp"
0.683908045291901,0.316826403141022,200.4659375,"FP4","fp"
0.660031855106354,0.247617915272713,200.4659375,"FP5","fp"
0.526543438434601,0.179774984717369,200.4659375,"FP6","fp"
0.573937177658081,0.186218068003654,200.4659375,"FP7","fp"
NA,NA,200.4659375,"FP8","fp"
NA,NA,200.4659375,"FP9","fp"
NA,NA,200.4659375,"FP10","fp"
0.6442911028862,0.27004286646843,206.466585648148,"ForestShrub2","fs"
0.682613015174866,0.292338997125626,206.466585648148,"ForestShrub1","fs"
0.665068686008453,0.286299973726273,206.466585648148,"Shrub1","s"
0.608927369117737,0.243642374873161,206.466585648148,"Shrub2","s"
0.583389163017273,0.229047775268555,206.466585648148,"Shrub3","s"
0.678477704524994,0.290686219930649,206.466585648148,"Shrub4","s"
NA,NA,206.466585648148,"Shrub5","s"
NA,NA,206.466585648148,"Shrub6","s"
0.653093934059143,0.276480793952942,206.466585648148,"Shrub7","s"
0.653145968914032,0.278027027845383,206.466585648148,"Shrub8","s"
0.687697172164917,0.302525669336319,206.466585648148,"Shrub9","s"
0.657987773418427,0.277393817901611,206.466585648148,"Shrub10","s"
0.621943175792694,0.252130120992661,206.466585648148,"Shrub11","s"
0.641042768955231,0.261350631713867,206.466585648148,"Shrub13","s"
0.639133393764496,0.25989043712616,206.466585648148,"Shrub14","s"
0.674146354198456,0.288236916065216,206.466585648148,"Shrub15","s"
NA,NA,206.466585648148,"Forest1","f"
NA,NA,206.466585648148,"Forest2","f"
NA,NA,206.466585648148,"Forest3","f"
0.567358791828156,0.17649532854557,206.466585648148,"Forest4","f"
0.588235318660736,0.194290831685066,206.466585648148,"Forest5","f"
0.556701004505157,0.166769608855247,206.466585648148,"Forest6","f"
0.598200917243958,0.185915753245354,206.466585648148,"Forest7","f"
0.592702150344849,0.18591845035553,206.466585648148,"Forest8","f"
0.6279296875,0.199807345867157,206.466585648148,"Forest9","f"
0.580234825611115,0.181439891457558,206.466585648148,"Forest10","f"
0.572488844394684,0.176119580864906,206.466585648148,"Forest11","f"
NA,NA,206.466585648148,"Forest12","f"
NA,NA,206.466585648148,"Forest13","f"
NA,NA,206.466585648148,"Forest14","f"
0.655430734157562,0.236728191375732,206.466585648148,"Forest15","f"
0.728402733802795,0.33055055141449,206.466585648148,"FP1","fp"
0.748786389827728,0.350249767303467,206.466585648148,"FP2","fp"
0.725707232952118,0.329802393913269,206.466585648148,"FP3","fp"
0.743913412094116,0.350924462080002,206.466585648148,"FP4","fp"
0.737660586833954,0.32148751616478,206.466585648148,"FP5","fp"
0.576404988765717,0.182925030589104,206.466585648148,"FP6","fp"
0.706029236316681,0.293219923973083,206.466585648148,"FP7","fp"
0.714028239250183,0.328969210386276,206.466585648148,"FP8","fp"
0.770750999450684,0.368159651756287,206.466585648148,"FP9","fp"
0.752971887588501,0.364307165145874,206.466585648148,"FP10","fp"
0.554406821727753,0.232909142971039,208.467939814815,"ForestShrub2","fs"
0.602305471897125,0.24952244758606,208.467939814815,"ForestShrub1","fs"
0.595107972621918,0.2615747153759,208.467939814815,"Shrub1","s"
0.415869981050491,0.116860091686249,208.467939814815,"Shrub2","s"
0.53502482175827,0.216001957654953,208.467939814815,"Shrub3","s"
0.57662832736969,0.224047243595123,208.467939814815,"Shrub4","s"
0.596093058586121,0.246483892202377,208.467939814815,"Shrub5","s"
0.570493757724762,0.228420346975327,208.467939814815,"Shrub6","s"
0.577200949192047,0.244037657976151,208.467939814815,"Shrub7","s"
0.572556495666504,0.241274863481522,208.467939814815,"Shrub8","s"
0.560600519180298,0.203769266605377,208.467939814815,"Shrub9","s"
0.58730161190033,0.251501083374023,208.467939814815,"Shrub10","s"
0.550106585025787,0.229007631540298,208.467939814815,"Shrub11","s"
0.557900428771973,0.234280914068222,208.467939814815,"Shrub13","s"
0.543951272964478,0.215969040989876,208.467939814815,"Shrub14","s"
0.60237067937851,0.257431656122208,208.467939814815,"Shrub15","s"
0.458528965711594,0.146731108427048,208.467939814815,"Forest1","f"
0.517863571643829,0.179680451750755,208.467939814815,"Forest2","f"
0.500186800956726,0.168283730745316,208.467939814815,"Forest3","f"
0.479387521743774,0.153995558619499,208.467939814815,"Forest4","f"
0.467286109924316,0.150326311588287,208.467939814815,"Forest5","f"
0.440332651138306,0.137908577919006,208.467939814815,"Forest6","f"
0.476343214511871,0.151248946785927,208.467939814815,"Forest7","f"
0.463529407978058,0.1477130651474,208.467939814815,"Forest8","f"
0.505050480365753,0.167039290070534,208.467939814815,"Forest9","f"
0.479069769382477,0.156336963176727,208.467939814815,"Forest10","f"
0.471892327070236,0.150061681866646,208.467939814815,"Forest11","f"
NA,NA,208.467939814815,"Forest12","f"
NA,NA,208.467939814815,"Forest13","f"
0.545264601707458,0.197682350873947,208.467939814815,"Forest14","f"
0.525900542736053,0.187545880675316,208.467939814815,"Forest15","f"
0.626499474048615,0.272203922271729,208.467939814815,"FP1","fp"
0.658862888813019,0.301691651344299,208.467939814815,"FP2","fp"
0.638743460178375,0.286317765712738,208.467939814815,"FP3","fp"
0.646233737468719,0.293292462825775,208.467939814815,"FP4","fp"
0.637325882911682,0.27473583817482,208.467939814815,"FP5","fp"
0.495720386505127,0.169252127408981,208.467939814815,"FP6","fp"
0.605769217014313,0.246478870511055,208.467939814815,"FP7","fp"
0.58692592382431,0.245070353150368,208.467939814815,"FP8","fp"
0.653039813041687,0.295877665281296,208.467939814815,"FP9","fp"
0.650623857975006,0.298802465200424,208.467939814815,"FP10","fp"
0.616639971733093,0.24797323346138,219.463229166667,"ForestShrub2","fs"
0.644004106521606,0.258155524730682,219.463229166667,"ForestShrub1","fs"
0.648771047592163,0.268908023834229,219.463229166667,"Shrub1","s"
0.570061504840851,0.217629566788673,219.463229166667,"Shrub2","s"
0.596497118473053,0.234209686517715,219.463229166667,"Shrub3","s"
0.642248749732971,0.260107636451721,219.463229166667,"Shrub4","s"
0.675752222537994,0.274715781211853,219.463229166667,"Shrub5","s"
0.618248164653778,0.235147133469582,219.463229166667,"Shrub6","s"
0.633193850517273,0.250303238630295,219.463229166667,"Shrub7","s"
0.638164401054382,0.261867344379425,219.463229166667,"Shrub8","s"
0.650033295154572,0.266633927822113,219.463229166667,"Shrub9","s"
0.617279767990112,0.246988609433174,219.463229166667,"Shrub10","s"
0.583561658859253,0.224683538079262,219.463229166667,"Shrub11","s"
0.612320065498352,0.245972186326981,219.463229166667,"Shrub13","s"
0.617452025413513,0.241402834653854,219.463229166667,"Shrub14","s"
0.657416939735413,0.26543653011322,219.463229166667,"Shrub15","s"
0.561809062957764,0.169291332364082,219.463229166667,"Forest1","f"
0.601818203926086,0.197229251265526,219.463229166667,"Forest2","f"
0.583081543445587,0.178115487098694,219.463229166667,"Forest3","f"
0.545663177967072,0.171064361929893,219.463229166667,"Forest4","f"
0.55206286907196,0.166016772389412,219.463229166667,"Forest5","f"
0.535752415657043,0.154068067669868,219.463229166667,"Forest6","f"
0.550702035427094,0.162617862224579,219.463229166667,"Forest7","f"
0.540123462677002,0.159414574503899,219.463229166667,"Forest8","f"
0.58675080537796,0.173755988478661,219.463229166667,"Forest9","f"
0.580321311950684,0.177523881196976,219.463229166667,"Forest10","f"
0.551578938961029,0.160490050911903,219.463229166667,"Forest11","f"
0.550635874271393,0.172541037201881,219.463229166667,"Forest12","f"
0.58466762304306,0.182620033621788,219.463229166667,"Forest13","f"
0.661002576351166,0.231941089034081,219.463229166667,"Forest14","f"
0.638262331485748,0.22685432434082,219.463229166667,"Forest15","f"
0.691489338874817,0.291349172592163,219.463229166667,"FP1","fp"
0.699935615062714,0.302305519580841,219.463229166667,"FP2","fp"
0.68530148267746,0.295800238847733,219.463229166667,"FP3","fp"
0.704939067363739,0.308655858039856,219.463229166667,"FP4","fp"
0.696371972560883,0.287747800350189,219.463229166667,"FP5","fp"
0.592657327651978,0.195158451795578,219.463229166667,"FP6","fp"
0.686813175678253,0.286172151565552,219.463229166667,"FP7","fp"
0.658317267894745,0.275182574987411,219.463229166667,"FP8","fp"
0.748274743556976,0.329942613840103,219.463229166667,"FP9","fp"
0.727214395999908,0.32304972410202,219.463229166667,"FP10","fp"
0.50575053691864,0.187055543065071,221.472152777778,"ForestShrub2","fs"
0.498939722776413,0.182525441050529,221.472152777778,"ForestShrub1","fs"
0.538858592510223,0.207583025097847,221.472152777778,"Shrub1","s"
0.480047643184662,0.17332960665226,221.472152777778,"Shrub2","s"
0.50632518529892,0.185122519731522,221.472152777778,"Shrub3","s"
0.535928130149841,0.199866011738777,221.472152777778,"Shrub4","s"
0.51313704252243,0.18408739566803,221.472152777778,"Shrub5","s"
0.486022859811783,0.170374825596809,221.472152777778,"Shrub6","s"
0.503546118736267,0.187178701162338,221.472152777778,"Shrub7","s"
0.517424702644348,0.194183364510536,221.472152777778,"Shrub8","s"
0.532482922077179,0.199170038104057,221.472152777778,"Shrub9","s"
0.513133764266968,0.189496487379074,221.472152777778,"Shrub10","s"
0.461700201034546,0.163761511445045,221.472152777778,"Shrub11","s"
0.497619032859802,0.181719377636909,221.472152777778,"Shrub13","s"
0.518170416355133,0.18935751914978,221.472152777778,"Shrub14","s"
0.535262227058411,0.200968638062477,221.472152777778,"Shrub15","s"
0.404006689786911,0.116326577961445,221.472152777778,"Forest1","f"
0.423017114400864,0.128836676478386,221.472152777778,"Forest2","f"
0.422813385725021,0.125397473573685,221.472152777778,"Forest3","f"
0.412345677614212,0.12091226875782,221.472152777778,"Forest4","f"
0.39790153503418,0.11977357417345,221.472152777778,"Forest5","f"
0.397435903549194,0.115099012851715,221.472152777778,"Forest6","f"
0.394824713468552,0.113587245345116,221.472152777778,"Forest7","f"
0.403010040521622,0.115784667432308,221.472152777778,"Forest8","f"
0.430848956108093,0.130514577031136,221.472152777778,"Forest9","f"
0.420833319425583,0.122930869460106,221.472152777778,"Forest10","f"
0.377555280923843,0.107843369245529,221.472152777778,"Forest11","f"
0.454762846231461,0.139629945158958,221.472152777778,"Forest12","f"
0.431629002094269,0.129424065351486,221.472152777778,"Forest13","f"
0.505711317062378,0.172417864203453,221.472152777778,"Forest14","f"
0.473800748586655,0.153405010700226,221.472152777778,"Forest15","f"
0.537995755672455,0.199883013963699,221.472152777778,"FP1","fp"
0.548773527145386,0.209371671080589,221.472152777778,"FP2","fp"
0.54584401845932,0.208980366587639,221.472152777778,"FP3","fp"
0.555944085121155,0.212216928601265,221.472152777778,"FP4","fp"
0.524626612663269,0.18986177444458,221.472152777778,"FP5","fp"
0.448556631803513,0.142541274428368,221.472152777778,"FP6","fp"
0.537558674812317,0.202136114239693,221.472152777778,"FP7","fp"
0.525608003139496,0.199782490730286,221.472152777778,"FP8","fp"
0.579383909702301,0.225465103983879,221.472152777778,"FP9","fp"
0.577136218547821,0.224386587738991,221.472152777778,"FP10","fp"
0.605633795261383,0.250258654356003,223.467418981481,"ForestShrub2","fs"
0.657761216163635,0.276718646287918,223.467418981481,"ForestShrub1","fs"
0.630301058292389,0.265020549297333,223.467418981481,"Shrub1","s"
0.573859751224518,0.224315479397774,223.467418981481,"Shrub2","s"
0.55480831861496,0.215163126587868,223.467418981481,"Shrub3","s"
0.637763619422913,0.26543864607811,223.467418981481,"Shrub4","s"
0.65153044462204,0.273928046226501,223.467418981481,"Shrub5","s"
0.608367621898651,0.243868917226791,223.467418981481,"Shrub6","s"
0.635590434074402,0.26837757229805,223.467418981481,"Shrub7","s"
0.648422420024872,0.276329517364502,223.467418981481,"Shrub8","s"
0.652201890945435,0.281009376049042,223.467418981481,"Shrub9","s"
0.630046308040619,0.262374609708786,223.467418981481,"Shrub10","s"
0.594559609889984,0.240906938910484,223.467418981481,"Shrub11","s"
0.598264932632446,0.241650715470314,223.467418981481,"Shrub13","s"
0.6036736369133,0.236592188477516,223.467418981481,"Shrub14","s"
0.644459545612335,0.265851527452469,223.467418981481,"Shrub15","s"
0.568831145763397,0.172034561634064,223.467418981481,"Forest1","f"
0.572735607624054,0.188571259379387,223.467418981481,"Forest2","f"
0.562814056873322,0.174237713217735,223.467418981481,"Forest3","f"
0.56109482049942,0.175497606396675,223.467418981481,"Forest4","f"
0.563865959644318,0.179150074720383,223.467418981481,"Forest5","f"
0.524774789810181,0.148185834288597,223.467418981481,"Forest6","f"
0.518518507480621,0.147541999816895,223.467418981481,"Forest7","f"
0.563727974891663,0.173919796943665,223.467418981481,"Forest8","f"
0.590600550174713,0.181075885891914,223.467418981481,"Forest9","f"
0.54468297958374,0.166712507605553,223.467418981481,"Forest10","f"
0.565354347229004,0.169552892446518,223.467418981481,"Forest11","f"
0.583372235298157,0.190704494714737,223.467418981481,"Forest12","f"
0.541751503944397,0.165022641420364,223.467418981481,"Forest13","f"
0.661270260810852,0.248301014304161,223.467418981481,"Forest14","f"
0.623787403106689,0.225546717643738,223.467418981481,"Forest15","f"
0.695129692554474,0.308456599712372,223.467418981481,"FP1","fp"
0.709348976612091,0.328409790992737,223.467418981481,"FP2","fp"
0.67256098985672,0.30153089761734,223.467418981481,"FP3","fp"
0.702010989189148,0.322427153587341,223.467418981481,"FP4","fp"
0.680626511573792,0.285172194242477,223.467418981481,"FP5","fp"
0.593597173690796,0.197438478469849,223.467418981481,"FP6","fp"
0.714593052864075,0.301212102174759,223.467418981481,"FP7","fp"
0.673933625221252,0.297448068857193,223.467418981481,"FP8","fp"
0.732775270938873,0.332583218812943,223.467418981481,"FP9","fp"
0.725758492946625,0.343913853168488,223.467418981481,"FP10","fp"
NA,NA,227.464305555556,"ForestShrub2","fs"
NA,NA,227.464305555556,"ForestShrub1","fs"
NA,NA,227.464305555556,"Shrub1","s"
0.479540765285492,0.177416190505028,227.464305555556,"Shrub2","s"
0.476132929325104,0.174548670649529,227.464305555556,"Shrub3","s"
0.552041411399841,0.217879757285118,227.464305555556,"Shrub4","s"
0.474439471960068,0.175030335783958,227.464305555556,"Shrub5","s"
0.48418790102005,0.178518876433372,227.464305555556,"Shrub6","s"
0.541678965091705,0.209596529603004,227.464305555556,"Shrub7","s"
NA,NA,227.464305555556,"Shrub8","s"
NA,NA,227.464305555556,"Shrub9","s"
NA,NA,227.464305555556,"Shrub10","s"
NA,NA,227.464305555556,"Shrub11","s"
NA,NA,227.464305555556,"Shrub13","s"
0.502475261688232,0.185307741165161,227.464305555556,"Shrub14","s"
NA,NA,227.464305555556,"Shrub15","s"
0.44353261590004,0.137316107749939,227.464305555556,"Forest1","f"
0.473053902387619,0.153831169009209,227.464305555556,"Forest2","f"
0.462058007717133,0.145124658942223,227.464305555556,"Forest3","f"
0.444664806127548,0.138902649283409,227.464305555556,"Forest4","f"
0.453897893428802,0.140601634979248,227.464305555556,"Forest5","f"
0.411815822124481,0.119308315217495,227.464305555556,"Forest6","f"
0.455414026975632,0.139976501464844,227.464305555556,"Forest7","f"
0.444219052791595,0.134653225541115,227.464305555556,"Forest8","f"
0.486238539218903,0.149617612361908,227.464305555556,"Forest9","f"
0.43833464384079,0.137245744466782,227.464305555556,"Forest10","f"
0.441998302936554,0.130552217364311,227.464305555556,"Forest11","f"
0.467680603265762,0.146655544638634,227.464305555556,"Forest12","f"
0.449838191270828,0.137883141636848,227.464305555556,"Forest13","f"
0.555399715900421,0.196628510951996,227.464305555556,"Forest14","f"
0.522828698158264,0.182281687855721,227.464305555556,"Forest15","f"
NA,NA,227.464305555556,"FP1","fp"
NA,NA,227.464305555556,"FP2","fp"
NA,NA,227.464305555556,"FP3","fp"
NA,NA,227.464305555556,"FP4","fp"
NA,NA,227.464305555556,"FP5","fp"
NA,NA,227.464305555556,"FP6","fp"
NA,NA,227.464305555556,"FP7","fp"
NA,NA,227.464305555556,"FP8","fp"
NA,NA,227.464305555556,"FP9","fp"
NA,NA,227.464305555556,"FP10","fp"
0.511505424976349,0.196825191378593,227.46431712963,"ForestShrub2","fs"
0.530366778373718,0.200650632381439,227.46431712963,"ForestShrub1","fs"
0.53396338224411,0.204100057482719,227.46431712963,"Shrub1","s"
0.477748304605484,0.175752446055412,227.46431712963,"Shrub2","s"
0.473397821187973,0.170417442917824,227.46431712963,"Shrub3","s"
0.547495663166046,0.213142678141594,227.46431712963,"Shrub4","s"
NA,NA,227.46431712963,"Shrub5","s"
NA,NA,227.46431712963,"Shrub6","s"
0.53936892747879,0.208210006356239,227.46431712963,"Shrub7","s"
0.544229626655579,0.209787055850029,227.46431712963,"Shrub8","s"
0.543695032596588,0.211523100733757,227.46431712963,"Shrub9","s"
0.504974365234375,0.18805855512619,227.46431712963,"Shrub10","s"
0.48064324259758,0.177008613944054,227.46431712963,"Shrub11","s"
0.520576775074005,0.196271628141403,227.46431712963,"Shrub13","s"
0.474870532751083,0.172318503260612,227.46431712963,"Shrub14","s"
0.528440892696381,0.200420290231705,227.46431712963,"Shrub15","s"
NA,NA,227.46431712963,"Forest1","f"
NA,NA,227.46431712963,"Forest2","f"
NA,NA,227.46431712963,"Forest3","f"
0.430369794368744,0.13184218108654,227.46431712963,"Forest4","f"
0.452598184347153,0.137928530573845,227.46431712963,"Forest5","f"
0.372881352901459,0.105389222502708,227.46431712963,"Forest6","f"
0.463297218084335,0.143083676695824,227.46431712963,"Forest7","f"
0.435379654169083,0.134206458926201,227.46431712963,"Forest8","f"
0.457599341869354,0.138252839446068,227.46431712963,"Forest9","f"
0.451804846525192,0.139833524823189,227.46431712963,"Forest10","f"
0.438848912715912,0.130224034190178,227.46431712963,"Forest11","f"
NA,NA,227.46431712963,"Forest12","f"
NA,NA,227.46431712963,"Forest13","f"
NA,NA,227.46431712963,"Forest14","f"
0.527749061584473,0.184315711259842,227.46431712963,"Forest15","f"
0.566480457782745,0.227993249893188,227.46431712963,"FP1","fp"
0.572663426399231,0.235691726207733,227.46431712963,"FP2","fp"
0.5494784116745,0.220829844474792,227.46431712963,"FP3","fp"
0.577379286289215,0.237759858369827,227.46431712963,"FP4","fp"
0.56521737575531,0.217038586735725,227.46431712963,"FP5","fp"
0.504488348960876,0.169399559497833,227.46431712963,"FP6","fp"
0.580261588096619,0.230607464909554,227.46431712963,"FP7","fp"
0.547741591930389,0.216933488845825,227.46431712963,"FP8","fp"
0.636209309101105,0.265713602304459,227.46431712963,"FP9","fp"
0.614827215671539,0.256625026464462,227.46431712963,"FP10","fp"
0.592699348926544,0.245061695575714,230.465648148148,"ForestShrub2","fs"
0.638041138648987,0.257327675819397,230.465648148148,"ForestShrub1","fs"
0.620149791240692,0.254107266664505,230.465648148148,"Shrub1","s"
0.541990101337433,0.206047266721725,230.465648148148,"Shrub2","s"
0.550160646438599,0.207475021481514,230.465648148148,"Shrub3","s"
0.599570214748383,0.236614465713501,230.465648148148,"Shrub4","s"
0.547342479228973,0.21447092294693,230.465648148148,"Shrub5","s"
0.494592636823654,0.185867562890053,230.465648148148,"Shrub6","s"
0.59676855802536,0.23829559981823,230.465648148148,"Shrub7","s"
0.634230494499207,0.260812819004059,230.465648148148,"Shrub8","s"
0.623667001724243,0.258195906877518,230.465648148148,"Shrub9","s"
0.592839598655701,0.235086157917976,230.465648148148,"Shrub10","s"
0.571527779102325,0.224159061908722,230.465648148148,"Shrub11","s"
0.584352076053619,0.229801371693611,230.465648148148,"Shrub13","s"
0.567086756229401,0.213353410363197,230.465648148148,"Shrub14","s"
0.627316415309906,0.260971367359161,230.465648148148,"Shrub15","s"
0.554835200309753,0.167416542768478,230.465648148148,"Forest1","f"
0.547134041786194,0.177626729011536,230.465648148148,"Forest2","f"
0.530501067638397,0.156054735183716,230.465648148148,"Forest3","f"
0.51216983795166,0.151098474860191,230.465648148148,"Forest4","f"
0.545502364635468,0.166281834244728,230.465648148148,"Forest5","f"
0.539435803890228,0.151573970913887,230.465648148148,"Forest6","f"
0.538111507892609,0.15416707098484,230.465648148148,"Forest7","f"
0.54295152425766,0.156871482729912,230.465648148148,"Forest8","f"
0.590137004852295,0.17772276699543,230.465648148148,"Forest9","f"
0.544652700424194,0.15829274058342,230.465648148148,"Forest10","f"
0.513603568077087,0.146097227931023,230.465648148148,"Forest11","f"
NA,NA,230.465648148148,"Forest12","f"
0.506186127662659,0.146422684192657,230.465648148148,"Forest13","f"
0.639624238014221,0.233996689319611,230.465648148148,"Forest14","f"
0.613959491252899,0.21674981713295,230.465648148148,"Forest15","f"
0.646511614322662,0.275754570960999,230.465648148148,"FP1","fp"
0.682224452495575,0.296103686094284,230.465648148148,"FP2","fp"
0.66688871383667,0.291547745466232,230.465648148148,"FP3","fp"
0.668252468109131,0.296418219804764,230.465648148148,"FP4","fp"
0.601885437965393,0.234954431653023,230.465648148148,"FP5","fp"
0.584787487983704,0.198150396347046,230.465648148148,"FP6","fp"
0.707259953022003,0.286264955997467,230.465648148148,"FP7","fp"
0.640246093273163,0.257713943719864,230.465648148148,"FP8","fp"
0.714954853057861,0.317034095525742,230.465648148148,"FP9","fp"
0.710927546024323,0.327422738075256,230.465648148148,"FP10","fp"
0.502828240394592,0.190597638487816,234.463703703704,"ForestShrub2","fs"
0.50640594959259,0.184353291988373,234.463703703704,"ForestShrub1","fs"
0.515634596347809,0.195836439728737,234.463703703704,"Shrub1","s"
0.477194100618362,0.176239594817162,234.463703703704,"Shrub2","s"
0.428938895463943,0.151195734739304,234.463703703704,"Shrub3","s"
0.492843806743622,0.18623024225235,234.463703703704,"Shrub4","s"
0.398006647825241,0.140084192156792,234.463703703704,"Shrub5","s"
0.403744250535965,0.136732295155525,234.463703703704,"Shrub6","s"
0.515170276165009,0.196550905704498,234.463703703704,"Shrub7","s"
0.524218261241913,0.203165099024773,234.463703703704,"Shrub8","s"
0.530171036720276,0.201580256223679,234.463703703704,"Shrub9","s"
0.486637651920319,0.179747939109802,234.463703703704,"Shrub10","s"
0.482056260108948,0.177834495902061,234.463703703704,"Shrub11","s"
0.478232622146606,0.173744723200798,234.463703703704,"Shrub13","s"
0.475475490093231,0.169586330652237,234.463703703704,"Shrub14","s"
0.431121677160263,0.154768005013466,234.463703703704,"Shrub15","s"
0.423334836959839,0.125583499670029,234.463703703704,"Forest1","f"
0.436517536640167,0.138148322701454,234.463703703704,"Forest2","f"
0.435714274644852,0.128776878118515,234.463703703704,"Forest3","f"
0.420942842960358,0.130331441760063,234.463703703704,"Forest4","f"
0.429556220769882,0.131142795085907,234.463703703704,"Forest5","f"
0.418593674898148,0.121747009456158,234.463703703704,"Forest6","f"
0.388710409402847,0.11111693829298,234.463703703704,"Forest7","f"
0.423439592123032,0.125318944454193,234.463703703704,"Forest8","f"
0.458781361579895,0.136774063110352,234.463703703704,"Forest9","f"
0.419955641031265,0.124327160418034,234.463703703704,"Forest10","f"
0.390977442264557,0.11106364428997,234.463703703704,"Forest11","f"
0.424938470125198,0.129496768116951,234.463703703704,"Forest12","f"
0.408547013998032,0.122485585510731,234.463703703704,"Forest13","f"
0.519540250301361,0.177092850208282,234.463703703704,"Forest14","f"
0.476081997156143,0.157644629478455,234.463703703704,"Forest15","f"
0.495018690824509,0.186997219920158,234.463703703704,"FP1","fp"
0.544602334499359,0.21709780395031,234.463703703704,"FP2","fp"
0.541093826293945,0.212625458836555,234.463703703704,"FP3","fp"
0.540132761001587,0.215077012777328,234.463703703704,"FP4","fp"
0.512670576572418,0.19115224480629,234.463703703704,"FP5","fp"
0.448666125535965,0.140477880835533,234.463703703704,"FP6","fp"
0.563218414783478,0.21689946949482,234.463703703704,"FP7","fp"
0.519281923770905,0.192668244242668,234.463703703704,"FP8","fp"
0.583833277225494,0.230324625968933,234.463703703704,"FP9","fp"
0.570799231529236,0.222653180360794,234.463703703704,"FP10","fp"
NA,NA,236.469155092593,"ForestShrub2","fs"
NA,NA,236.469155092593,"ForestShrub1","fs"
NA,NA,236.469155092593,"Shrub1","s"
NA,NA,236.469155092593,"Shrub2","s"
NA,NA,236.469155092593,"Shrub3","s"
NA,NA,236.469155092593,"Shrub4","s"
NA,NA,236.469155092593,"Shrub5","s"
NA,NA,236.469155092593,"Shrub6","s"
NA,NA,236.469155092593,"Shrub7","s"
NA,NA,236.469155092593,"Shrub8","s"
NA,NA,236.469155092593,"Shrub9","s"
NA,NA,236.469155092593,"Shrub10","s"
NA,NA,236.469155092593,"Shrub11","s"
NA,NA,236.469155092593,"Shrub13","s"
NA,NA,236.469155092593,"Shrub14","s"
NA,NA,236.469155092593,"Shrub15","s"
NA,NA,236.469155092593,"Forest1","f"
NA,NA,236.469155092593,"Forest2","f"
NA,NA,236.469155092593,"Forest3","f"
NA,NA,236.469155092593,"Forest4","f"
NA,NA,236.469155092593,"Forest5","f"
NA,NA,236.469155092593,"Forest6","f"
NA,NA,236.469155092593,"Forest7","f"
NA,NA,236.469155092593,"Forest8","f"
NA,NA,236.469155092593,"Forest9","f"
NA,NA,236.469155092593,"Forest10","f"
NA,NA,236.469155092593,"Forest11","f"
NA,NA,236.469155092593,"Forest12","f"
NA,NA,236.469155092593,"Forest13","f"
NA,NA,236.469155092593,"Forest14","f"
NA,NA,236.469155092593,"Forest15","f"
NA,NA,236.469155092593,"FP1","fp"
NA,NA,236.469155092593,"FP2","fp"
NA,NA,236.469155092593,"FP3","fp"
NA,NA,236.469155092593,"FP4","fp"
NA,NA,236.469155092593,"FP5","fp"
NA,NA,236.469155092593,"FP6","fp"
NA,NA,236.469155092593,"FP7","fp"
NA,NA,236.469155092593,"FP8","fp"
NA,NA,236.469155092593,"FP9","fp"
NA,NA,236.469155092593,"FP10","fp"
NA,NA,236.469166666667,"ForestShrub2","fs"
NA,NA,236.469166666667,"ForestShrub1","fs"
NA,NA,236.469166666667,"Shrub1","s"
0.501588404178619,0.187684908509254,236.469166666667,"Shrub2","s"
0.477240383625031,0.176166340708733,236.469166666667,"Shrub3","s"
0.531671166419983,0.213439375162125,236.469166666667,"Shrub4","s"
0.405424207448959,0.149786755442619,236.469166666667,"Shrub5","s"
0.375046819448471,0.130890741944313,236.469166666667,"Shrub6","s"
NA,NA,236.469166666667,"Shrub7","s"
NA,NA,236.469166666667,"Shrub8","s"
NA,NA,236.469166666667,"Shrub9","s"
NA,NA,236.469166666667,"Shrub10","s"
NA,NA,236.469166666667,"Shrub11","s"
NA,NA,236.469166666667,"Shrub13","s"
0.480117827653885,0.177332937717438,236.469166666667,"Shrub14","s"
NA,NA,236.469166666667,"Shrub15","s"
0.410705357789993,0.120529681444168,236.469166666667,"Forest1","f"
0.446951508522034,0.137799352407455,236.469166666667,"Forest2","f"
0.444933921098709,0.135465413331985,236.469166666667,"Forest3","f"
0.439205944538116,0.132485032081604,236.469166666667,"Forest4","f"
0.462786257266998,0.142178699374199,236.469166666667,"Forest5","f"
0.425698310136795,0.118932418525219,236.469166666667,"Forest6","f"
0.454545468091965,0.135407000780106,236.469166666667,"Forest7","f"
0.41796663403511,0.117895185947418,236.469166666667,"Forest8","f"
0.488888889551163,0.142570585012436,236.469166666667,"Forest9","f"
0.455633103847504,0.138434514403343,236.469166666667,"Forest10","f"
0.449180334806442,0.127067551016808,236.469166666667,"Forest11","f"
0.431679725646973,0.139694705605507,236.469166666667,"Forest12","f"
0.437266409397125,0.124862790107727,236.469166666667,"Forest13","f"
0.559759259223938,0.193421870470047,236.469166666667,"Forest14","f"
0.544376254081726,0.191180691123009,236.469166666667,"Forest15","f"
NA,NA,236.469166666667,"FP1","fp"
NA,NA,236.469166666667,"FP2","fp"
NA,NA,236.469166666667,"FP3","fp"
NA,NA,236.469166666667,"FP4","fp"
NA,NA,236.469166666667,"FP5","fp"
NA,NA,236.469166666667,"FP6","fp"
NA,NA,236.469166666667,"FP7","fp"
NA,NA,236.469166666667,"FP8","fp"
NA,NA,236.469166666667,"FP9","fp"
NA,NA,236.469166666667,"FP10","fp"
0.544899225234985,0.22893513739109,236.469178240741,"ForestShrub2","fs"
0.535570442676544,0.212121218442917,236.469178240741,"ForestShrub1","fs"
0.547392606735229,0.222278460860252,236.469178240741,"Shrub1","s"
0.504761934280396,0.191925972700119,236.469178240741,"Shrub2","s"
0.485571771860123,0.179299637675285,236.469178240741,"Shrub3","s"
0.52696818113327,0.210406631231308,236.469178240741,"Shrub4","s"
NA,NA,236.469178240741,"Shrub5","s"
NA,NA,236.469178240741,"Shrub6","s"
0.559731543064117,0.230323120951653,236.469178240741,"Shrub7","s"
0.561259388923645,0.228609666228294,236.469178240741,"Shrub8","s"
0.539724230766296,0.219480931758881,236.469178240741,"Shrub9","s"
0.5444096326828,0.215455442667007,236.469178240741,"Shrub10","s"
0.510259926319122,0.197626367211342,236.469178240741,"Shrub11","s"
0.528013586997986,0.209484040737152,236.469178240741,"Shrub13","s"
0.501116931438446,0.183869734406471,236.469178240741,"Shrub14","s"
0.483276456594467,0.186512112617493,236.469178240741,"Shrub15","s"
0.420814484357834,0.125082194805145,236.469178240741,"Forest1","f"
0.427354484796524,0.130903720855713,236.469178240741,"Forest2","f"
0.457861006259918,0.140277236700058,236.469178240741,"Forest3","f"
0.436633676290512,0.131308615207672,236.469178240741,"Forest4","f"
0.464694648981094,0.144953414797783,236.469178240741,"Forest5","f"
0.429691880941391,0.119600810110569,236.469178240741,"Forest6","f"
0.448347121477127,0.13124868273735,236.469178240741,"Forest7","f"
0.427027016878128,0.122689858078957,236.469178240741,"Forest8","f"
0.493899196386337,0.146268650889397,236.469178240741,"Forest9","f"
0.463194787502289,0.140219494700432,236.469178240741,"Forest10","f"
0.433513522148132,0.125606894493103,236.469178240741,"Forest11","f"
NA,NA,236.469178240741,"Forest12","f"
NA,NA,236.469178240741,"Forest13","f"
0.554036736488342,0.192364737391472,236.469178240741,"Forest14","f"
0.551724135875702,0.195792779326439,236.469178240741,"Forest15","f"
0.539805829524994,0.220868647098541,236.469178240741,"FP1","fp"
0.560012519359589,0.237715169787407,236.469178240741,"FP2","fp"
0.546675622463226,0.21966752409935,236.469178240741,"FP3","fp"
0.54534387588501,0.23139300942421,236.469178240741,"FP4","fp"
0.525127470493317,0.201272964477539,236.469178240741,"FP5","fp"
0.4984972178936,0.165653631091118,236.469178240741,"FP6","fp"
0.647279560565948,0.26018100976944,236.469178240741,"FP7","fp"
0.577101945877075,0.226195484399796,236.469178240741,"FP8","fp"
0.614012718200684,0.265126526355743,236.469178240741,"FP9","fp"
0.598956644535065,0.256607264280319,236.469178240741,"FP10","fp"
NA,NA,236.469189814815,"ForestShrub2","fs"
NA,NA,236.469189814815,"ForestShrub1","fs"
NA,NA,236.469189814815,"Shrub1","s"
NA,NA,236.469189814815,"Shrub2","s"
NA,NA,236.469189814815,"Shrub3","s"
NA,NA,236.469189814815,"Shrub4","s"
NA,NA,236.469189814815,"Shrub5","s"
NA,NA,236.469189814815,"Shrub6","s"
NA,NA,236.469189814815,"Shrub7","s"
NA,NA,236.469189814815,"Shrub8","s"
NA,NA,236.469189814815,"Shrub9","s"
NA,NA,236.469189814815,"Shrub10","s"
NA,NA,236.469189814815,"Shrub11","s"
NA,NA,236.469189814815,"Shrub13","s"
NA,NA,236.469189814815,"Shrub14","s"
NA,NA,236.469189814815,"Shrub15","s"
NA,NA,236.469189814815,"Forest1","f"
NA,NA,236.469189814815,"Forest2","f"
NA,NA,236.469189814815,"Forest3","f"
NA,NA,236.469189814815,"Forest4","f"
NA,NA,236.469189814815,"Forest5","f"
NA,NA,236.469189814815,"Forest6","f"
NA,NA,236.469189814815,"Forest7","f"
NA,NA,236.469189814815,"Forest8","f"
NA,NA,236.469189814815,"Forest9","f"
NA,NA,236.469189814815,"Forest10","f"
NA,NA,236.469189814815,"Forest11","f"
NA,NA,236.469189814815,"Forest12","f"
NA,NA,236.469189814815,"Forest13","f"
NA,NA,236.469189814815,"Forest14","f"
NA,NA,236.469189814815,"Forest15","f"
NA,NA,236.469189814815,"FP1","fp"
NA,NA,236.469189814815,"FP2","fp"
NA,NA,236.469189814815,"FP3","fp"
NA,NA,236.469189814815,"FP4","fp"
NA,NA,236.469189814815,"FP5","fp"
NA,NA,236.469189814815,"FP6","fp"
NA,NA,236.469189814815,"FP7","fp"
NA,NA,236.469189814815,"FP8","fp"
NA,NA,236.469189814815,"FP9","fp"
NA,NA,236.469189814815,"FP10","fp"
NA,NA,236.469201388889,"ForestShrub2","fs"
NA,NA,236.469201388889,"ForestShrub1","fs"
NA,NA,236.469201388889,"Shrub1","s"
NA,NA,236.469201388889,"Shrub2","s"
NA,NA,236.469201388889,"Shrub3","s"
NA,NA,236.469201388889,"Shrub4","s"
NA,NA,236.469201388889,"Shrub5","s"
NA,NA,236.469201388889,"Shrub6","s"
NA,NA,236.469201388889,"Shrub7","s"
NA,NA,236.469201388889,"Shrub8","s"
NA,NA,236.469201388889,"Shrub9","s"
NA,NA,236.469201388889,"Shrub10","s"
NA,NA,236.469201388889,"Shrub11","s"
NA,NA,236.469201388889,"Shrub13","s"
NA,NA,236.469201388889,"Shrub14","s"
NA,NA,236.469201388889,"Shrub15","s"
NA,NA,236.469201388889,"Forest1","f"
NA,NA,236.469201388889,"Forest2","f"
NA,NA,236.469201388889,"Forest3","f"
NA,NA,236.469201388889,"Forest4","f"
NA,NA,236.469201388889,"Forest5","f"
NA,NA,236.469201388889,"Forest6","f"
NA,NA,236.469201388889,"Forest7","f"
NA,NA,236.469201388889,"Forest8","f"
NA,NA,236.469201388889,"Forest9","f"
NA,NA,236.469201388889,"Forest10","f"
NA,NA,236.469201388889,"Forest11","f"
NA,NA,236.469201388889,"Forest12","f"
NA,NA,236.469201388889,"Forest13","f"
NA,NA,236.469201388889,"Forest14","f"
NA,NA,236.469201388889,"Forest15","f"
NA,NA,236.469201388889,"FP1","fp"
NA,NA,236.469201388889,"FP2","fp"
NA,NA,236.469201388889,"FP3","fp"
NA,NA,236.469201388889,"FP4","fp"
NA,NA,236.469201388889,"FP5","fp"
NA,NA,236.469201388889,"FP6","fp"
NA,NA,236.469201388889,"FP7","fp"
NA,NA,236.469201388889,"FP8","fp"
NA,NA,236.469201388889,"FP9","fp"
NA,NA,236.469201388889,"FP10","fp"
NA,NA,236.469212962963,"ForestShrub2","fs"
NA,NA,236.469212962963,"ForestShrub1","fs"
NA,NA,236.469212962963,"Shrub1","s"
NA,NA,236.469212962963,"Shrub2","s"
NA,NA,236.469212962963,"Shrub3","s"
NA,NA,236.469212962963,"Shrub4","s"
NA,NA,236.469212962963,"Shrub5","s"
NA,NA,236.469212962963,"Shrub6","s"
NA,NA,236.469212962963,"Shrub7","s"
NA,NA,236.469212962963,"Shrub8","s"
NA,NA,236.469212962963,"Shrub9","s"
NA,NA,236.469212962963,"Shrub10","s"
NA,NA,236.469212962963,"Shrub11","s"
NA,NA,236.469212962963,"Shrub13","s"
NA,NA,236.469212962963,"Shrub14","s"
NA,NA,236.469212962963,"Shrub15","s"
NA,NA,236.469212962963,"Forest1","f"
NA,NA,236.469212962963,"Forest2","f"
NA,NA,236.469212962963,"Forest3","f"
NA,NA,236.469212962963,"Forest4","f"
NA,NA,236.469212962963,"Forest5","f"
NA,NA,236.469212962963,"Forest6","f"
NA,NA,236.469212962963,"Forest7","f"
NA,NA,236.469212962963,"Forest8","f"
NA,NA,236.469212962963,"Forest9","f"
NA,NA,236.469212962963,"Forest10","f"
NA,NA,236.469212962963,"Forest11","f"
NA,NA,236.469212962963,"Forest12","f"
NA,NA,236.469212962963,"Forest13","f"
NA,NA,236.469212962963,"Forest14","f"
NA,NA,236.469212962963,"Forest15","f"
NA,NA,236.469212962963,"FP1","fp"
NA,NA,236.469212962963,"FP2","fp"
NA,NA,236.469212962963,"FP3","fp"
NA,NA,236.469212962963,"FP4","fp"
NA,NA,236.469212962963,"FP5","fp"
NA,NA,236.469212962963,"FP6","fp"
NA,NA,236.469212962963,"FP7","fp"
NA,NA,236.469212962963,"FP8","fp"
NA,NA,236.469212962963,"FP9","fp"
NA,NA,236.469212962963,"FP10","fp"
NA,NA,236.469224537037,"ForestShrub2","fs"
NA,NA,236.469224537037,"ForestShrub1","fs"
NA,NA,236.469224537037,"Shrub1","s"
NA,NA,236.469224537037,"Shrub2","s"
NA,NA,236.469224537037,"Shrub3","s"
NA,NA,236.469224537037,"Shrub4","s"
NA,NA,236.469224537037,"Shrub5","s"
NA,NA,236.469224537037,"Shrub6","s"
NA,NA,236.469224537037,"Shrub7","s"
NA,NA,236.469224537037,"Shrub8","s"
NA,NA,236.469224537037,"Shrub9","s"
NA,NA,236.469224537037,"Shrub10","s"
NA,NA,236.469224537037,"Shrub11","s"
NA,NA,236.469224537037,"Shrub13","s"
NA,NA,236.469224537037,"Shrub14","s"
NA,NA,236.469224537037,"Shrub15","s"
NA,NA,236.469224537037,"Forest1","f"
NA,NA,236.469224537037,"Forest2","f"
NA,NA,236.469224537037,"Forest3","f"
NA,NA,236.469224537037,"Forest4","f"
NA,NA,236.469224537037,"Forest5","f"
NA,NA,236.469224537037,"Forest6","f"
NA,NA,236.469224537037,"Forest7","f"
NA,NA,236.469224537037,"Forest8","f"
NA,NA,236.469224537037,"Forest9","f"
NA,NA,236.469224537037,"Forest10","f"
NA,NA,236.469224537037,"Forest11","f"
NA,NA,236.469224537037,"Forest12","f"
NA,NA,236.469224537037,"Forest13","f"
NA,NA,236.469224537037,"Forest14","f"
NA,NA,236.469224537037,"Forest15","f"
NA,NA,236.469224537037,"FP1","fp"
NA,NA,236.469224537037,"FP2","fp"
NA,NA,236.469224537037,"FP3","fp"
NA,NA,236.469224537037,"FP4","fp"
NA,NA,236.469224537037,"FP5","fp"
NA,NA,236.469224537037,"FP6","fp"
NA,NA,236.469224537037,"FP7","fp"
NA,NA,236.469224537037,"FP8","fp"
NA,NA,236.469224537037,"FP9","fp"
NA,NA,236.469224537037,"FP10","fp"
0.512195110321045,0.196048751473427,242.471516203704,"ForestShrub2","fs"
0.476787030696869,0.171127811074257,242.471516203704,"ForestShrub1","fs"
0.465616047382355,0.168289139866829,242.471516203704,"Shrub1","s"
0.453539818525314,0.158427581191063,242.471516203704,"Shrub2","s"
0.452044606208801,0.156600132584572,242.471516203704,"Shrub3","s"
0.460632830858231,0.165385320782661,242.471516203704,"Shrub4","s"
0.366843044757843,0.111093305051327,242.471516203704,"Shrub5","s"
0.339919179677963,0.102480098605156,242.471516203704,"Shrub6","s"
0.473071336746216,0.168454885482788,242.471516203704,"Shrub7","s"
0.492644429206848,0.181019932031631,242.471516203704,"Shrub8","s"
0.496085405349731,0.182651996612549,242.471516203704,"Shrub9","s"
0.474747478961945,0.167476117610931,242.471516203704,"Shrub10","s"
0.46355476975441,0.164836570620537,242.471516203704,"Shrub11","s"
0.455081015825272,0.158656805753708,242.471516203704,"Shrub13","s"
0.424181163311005,0.139713913202286,242.471516203704,"Shrub14","s"
0.442495137453079,0.148075670003891,242.471516203704,"Shrub15","s"
0.282419264316559,0.07649165391922,242.471516203704,"Forest1","f"
0.34278729557991,0.0968767255544662,242.471516203704,"Forest2","f"
0.320588231086731,0.0905942618846893,242.471516203704,"Forest3","f"
0.35121950507164,0.0997091829776764,242.471516203704,"Forest4","f"
0.31145778298378,0.0827308297157288,242.471516203704,"Forest5","f"
0.317725747823715,0.0819130316376686,242.471516203704,"Forest6","f"
0.284403681755066,0.0760756954550743,242.471516203704,"Forest7","f"
0.411134898662567,0.114743322134018,242.471516203704,"Forest8","f"
0.359567135572433,0.102665655314922,242.471516203704,"Forest9","f"
0.318036288022995,0.0859210565686226,242.471516203704,"Forest10","f"
0.305822491645813,0.0780821517109871,242.471516203704,"Forest11","f"
0.328532844781876,0.0979629084467888,242.471516203704,"Forest12","f"
0.310275703668594,0.0862958282232285,242.471516203704,"Forest13","f"
0.449627608060837,0.151811942458153,242.471516203704,"Forest14","f"
0.436093091964722,0.150863200426102,242.471516203704,"Forest15","f"
0.440627336502075,0.153242766857147,242.471516203704,"FP1","fp"
0.458768874406815,0.158270120620728,242.471516203704,"FP2","fp"
0.493501663208008,0.175719276070595,242.471516203704,"FP3","fp"
0.44268336892128,0.157731607556343,242.471516203704,"FP4","fp"
0.464485228061676,0.158769130706787,242.471516203704,"FP5","fp"
0.395307660102844,0.122001200914383,242.471516203704,"FP6","fp"
0.536990880966187,0.186640471220016,242.471516203704,"FP7","fp"
0.484166353940964,0.169033214449883,242.471516203704,"FP8","fp"
0.472862154245377,0.161803215742111,242.471516203704,"FP9","fp"
0.434782594442368,0.139893367886543,242.471516203704,"FP10","fp"
