"doy","year","Pkpa","Pr.mm","Pkpa.gap"
31,2015,101.995250200696,0.2,101.995250200696
32,2015,101.846400856302,0,101.846400856302
33,2015,102.242774953171,0,102.242774953171
34,2015,102.97364195879,1,102.97364195879
35,2015,102.435108375702,2.01,102.435108375702
36,2015,102.221032914102,0.21,102.221032914102
37,2015,103.774752475248,0,103.774752475248
38,2015,103.522210329141,0,103.522210329141
39,2015,103.309807332085,0,103.309807332085
40,2015,103.440259566497,0.01,103.440259566497
41,2015,103.28973775756,0.01,103.28973775756
42,2015,103.080679689591,0.5,103.080679689591
43,2015,102.562215681028,0.5,102.562215681028
44,2015,101.980198019802,0.01,101.980198019802
45,2015,102.269534385871,0.01,102.269534385871
46,2015,102.065493711533,0,102.065493711533
47,2015,102.217687985015,0,102.217687985015
48,2015,102.134064757827,0.21,102.134064757827
49,2015,102.068838640621,0.7,102.068838640621
50,2015,102.150789403265,0.7,102.150789403265
51,2015,102.557198287396,0.31,102.557198287396
52,2015,102.727789670859,0.01,102.727789670859
53,2015,102.33141557399,0.5,102.33141557399
54,2015,101.326264383195,3.3,101.326264383195
55,2015,100.177281241638,5,100.177281241638
56,2015,100.543550976719,1.01,100.543550976719
57,2015,101.257693336901,0.01,101.257693336901
58,2015,101.700896440995,0.5,101.700896440995
59,2015,102.108977789671,1,102.108977789671
60,2015,102.189256087771,0.2,102.189256087771
61,2015,102.276224244046,0,102.276224244046
62,2015,102.722772277228,0,102.722772277228
63,2015,102.262844527696,0,102.262844527696
64,2015,102.125702435108,0.3,102.125702435108
65,2015,102.195945945946,0.81,102.195945945946
66,2015,102.39831415574,0.8,102.39831415574
67,2015,103.348274016591,0.7,103.348274016591
68,2015,103.30311747391,0.01,103.30311747391
69,2015,103.569039336366,0,103.569039336366
70,2015,103.768062617073,0,103.768062617073
71,2015,103.321514583891,0,103.321514583891
72,2015,102.040406743377,0,102.040406743377
73,2015,100.983409151726,0,100.983409151726
74,2015,100.812817768263,0,100.812817768263
75,2015,100.986754080813,1.1,100.986754080813
76,2015,101.020203371689,0.2,101.020203371689
77,2015,101.080412095264,0,101.080412095264
78,2015,101.374765854964,0,101.374765854964
79,2015,101.60054856837,0,101.60054856837
80,2015,101.839710998127,0,101.839710998127
81,2015,102.18423869414,0,102.18423869414
82,2015,102.45183302114,0,102.45183302114
83,2015,101.436647043083,0,101.436647043083
84,2015,100.710797431094,0,100.710797431094
85,2015,99.2306663098742,0,99.2306663098742
86,2015,99.6186780840246,0.7,99.6186780840246
87,2015,101.562081883864,1.8,101.562081883864
88,2015,102.001940058871,0.01,102.001940058871
89,2015,101.814624029971,0,101.814624029971
90,2015,101.296160021408,0,101.296160021408
91,2015,101.150655606101,0,101.150655606101
92,2015,101.742708054589,0,101.742708054589
93,2015,102.279569173134,0,102.279569173134
94,2015,101.792881990902,0.01,101.792881990902
95,2015,101.615600749264,2.3,101.615600749264
96,2015,101.756087770939,1.2,101.756087770939
97,2015,101.719293550977,0.21,101.719293550977
98,2015,101.358041209526,0.01,101.358041209526
99,2015,101.690861653733,0,101.690861653733
100,2015,102.744514316297,0,102.744514316297
101,2015,102.901725983409,0.01,102.901725983409
102,2015,102.222705378646,0.2,102.222705378646
103,2015,101.381455713139,0,101.381455713139
104,2015,101.217554187851,0.02,101.217554187851
105,2015,101.545357238427,0.31,101.545357238427
106,2015,102.067166176077,0.31,102.067166176077
107,2015,102.605699759165,0.31,102.605699759165
108,2015,102.767928819909,0,102.767928819909
109,2015,101.849745785389,0,101.849745785389
110,2015,101.995250200696,0.01,101.995250200696
111,2015,102.048769066096,0,102.048769066096
112,2015,100.936580144501,0.2,100.936580144501
113,2015,100.871354027295,0.21,100.871354027295
114,2015,101.429957184908,0,101.429957184908
115,2015,101.374765854964,0,101.374765854964
116,2015,100.717487289269,0,100.717487289269
117,2015,100.829542413701,0.21,100.829542413701
118,2015,101.274417982339,0,101.274417982339
119,2015,101.311212202301,0,101.311212202301
120,2015,101.30619480867,0,101.30619480867
121,2015,101.468423869414,0,101.468423869414
122,2015,101.565426812952,0,101.565426812952
123,2015,101.903264650789,0,101.903264650789
124,2015,102.528766390153,0.02,102.528766390153
125,2015,103.157613058603,0.02,103.157613058603
126,2015,102.921795557934,0.02,102.921795557934
127,2015,100.779368477388,2,100.779368477388
128,2015,100.561948086701,6,100.561948086701
129,2015,100.832887342788,1.3,100.832887342788
130,2015,NA,0.4,101.084593256623
131,2015,101.336299170458,0,101.336299170458
132,2015,101.110516457051,0,101.110516457051
133,2015,101.067032378914,0,101.067032378914
134,2015,100.859646775488,0,100.859646775488
135,2015,100.560275622157,2,100.560275622157
136,2015,100.725849611988,4,100.725849611988
137,2015,100.963339577201,2.01,100.963339577201
138,2015,101.06535991437,0,101.06535991437
139,2015,100.954977254482,0.61,100.954977254482
140,2015,100.929890286326,0.02,100.929890286326
141,2015,100.632191597538,0,100.632191597538
142,2015,100.130452234413,4.01,100.130452234413
143,2015,100.849611988226,5.01,100.849611988226
144,2015,101.528632592989,0,101.528632592989
145,2015,101.030238158951,1.4,101.030238158951
146,2015,101.001806261707,2.01,101.001806261707
147,2015,101.299504950495,0,101.299504950495
148,2015,101.327936847739,0,101.327936847739
149,2015,101.456716617608,0.01,101.456716617608
150,2015,101.662429756489,0,101.662429756489
151,2015,101.72096601552,0.01,101.72096601552
152,2015,102.008629917046,0,102.008629917046
153,2015,101.970163232539,0,101.970163232539
154,2015,101.930024083489,0.02,101.930024083489
155,2015,101.724310944608,4.01,101.724310944608
156,2015,101.33295424137,0,101.33295424137
157,2015,101.361386138614,0,101.361386138614
158,2015,101.167380251539,0.21,101.167380251539
159,2015,100.513446614932,4,100.513446614932
160,2015,100.177281241638,8,100.177281241638
161,2015,101.056997591651,0.31,101.056997591651
162,2015,100.667313352957,2.4,100.667313352957
163,2015,100.339510302382,2.01,100.339510302382
164,2015,100.585362590313,0.01,100.585362590313
165,2015,100.158884131656,0,100.158884131656
166,2015,100.287663901525,0,100.287663901525
167,2015,100.852956917313,0.01,100.852956917313
168,2015,101.56040941932,0,101.56040941932
169,2015,101.697551511908,0.3,101.697551511908
170,2015,100.976719293551,0,100.976719293551
171,2015,100.513446614932,0,100.513446614932
172,2015,100.809472839176,1.01,100.809472839176
173,2015,100.578672732138,0.3,100.578672732138
174,2015,100.100347872625,7,100.100347872625
175,2015,100.966684506288,2.01,100.966684506288
176,2015,101.190794755151,0,101.190794755151
177,2015,100.672808593601,0,100.672808593601
178,2015,100.317768263313,0,100.317768263313
179,2015,99.9314289537062,9.01,99.9314289537062
180,2015,100.986754080813,0.31,100.986754080813
181,2015,100.755953973776,0,100.755953973776
182,2015,100.46829007225,0,100.46829007225
183,2015,100.411426277763,3,100.411426277763
184,2015,100.384666845063,0,100.384666845063
185,2015,100.525153866738,0,100.525153866738
186,2015,100.991771474445,0,100.991771474445
187,2015,100.941597538132,0,100.941597538132
188,2015,100.471635001338,0.01,100.471635001338
189,2015,100.720832218357,0.02,100.720832218357
190,2015,100.660623494782,4.01,100.660623494782
191,2015,101.123896173401,0,101.123896173401
192,2015,101.041945410757,0,101.041945410757
193,2015,101.033583088039,0.01,101.033583088039
194,2015,100.906475782713,0,100.906475782713
195,2015,100.498394434038,0,100.498394434038
196,2015,100.038466684506,0,100.038466684506
197,2015,NA,14,100.237489965213
198,2015,100.436513245919,5.01,100.436513245919
199,2015,100.658951030238,0.01,100.658951030238
200,2015,100.759298902863,0,100.759298902863
201,2015,100.316095798769,0,100.316095798769
202,2015,100.110382659888,1,100.110382659888
203,2015,100.376304522344,0.21,100.376304522344
204,2015,100.674003211132,1,100.674003211132
205,2015,100.587035054857,0,100.587035054857
206,2015,100.284318972438,0.01,100.284318972438
207,2015,100.015052180894,4.4,100.015052180894
208,2015,100.463272678619,0.3,100.463272678619
209,2015,101.264383195076,0.01,101.264383195076
210,2015,101.354696280439,0.31,101.354696280439
211,2015,100.941597538132,4,100.941597538132
212,2015,101.055325127107,0.31,101.055325127107
213,2015,101.093791811614,0.02,101.093791811614
214,2015,100.620484345732,8,100.620484345732
215,2015,101.342989028633,0.41,101.342989028633
216,2015,101.764450093658,0,101.764450093658
217,2015,101.200829542414,0,101.200829542414
218,2015,101.659084827402,3.01,101.659084827402
219,2015,102.403331549371,0.02,102.403331549371
220,2015,101.901592186246,0,101.901592186246
221,2015,100.75762643832,0,100.75762643832
222,2015,99.6103157613059,6,99.6103157613059
223,2015,99.4999331014183,12.7,99.4999331014183
224,2015,100.30773347605,5,100.30773347605
225,2015,101.220899116939,0,101.220899116939
226,2015,100.702435108376,0,100.702435108376
227,2015,101.379783248595,7,101.379783248595
228,2015,102.132392293283,0.01,102.132392293283
229,2015,102.058803853358,5.01,102.058803853358
230,2015,102.035389349746,0,102.035389349746
231,2015,102.134064757827,0,102.134064757827
232,2015,101.364731067701,0,101.364731067701
233,2015,100.677348140219,4.8,100.677348140219
234,2015,101.03860048167,0.01,101.03860048167
235,2015,101.674137008295,6,101.674137008295
236,2015,102.068121870102,0,102.068121870102
237,2015,101.779502274552,0,101.779502274552
238,2015,102.052113995183,0.02,102.052113995183
239,2015,101.906609579877,0,101.906609579877
240,2015,102.119012576933,0.6,102.119012576933
241,2015,102.236085094996,0,102.236085094996
242,2015,101.518597805727,0,101.518597805727
243,2015,101.010168584426,0,101.010168584426
244,2015,101.341316564089,0,101.341316564089
245,2015,101.414905004014,0,101.414905004014
246,2015,101.339644099545,0,101.339644099545
247,2015,101.856435643564,0,101.856435643564
248,2015,102.431763446615,0,102.431763446615
249,2015,102.430090982071,0,102.430090982071
250,2015,102.552180893765,0,102.552180893765
251,2015,102.580612791009,0,102.580612791009
252,2015,102.042079207921,0,102.042079207921
253,2015,101.789537061814,0.8,101.789537061814
254,2015,101.326264383195,0.01,101.326264383195
255,2015,100.518464008563,0,100.518464008563
256,2015,99.9096869146374,0,99.9096869146374
257,2015,99.7123360984747,0,99.7123360984747
258,2015,100.224110248863,1.01,100.224110248863
259,2015,101.787864597271,1.7,101.787864597271
260,2015,102.563888145571,2.1,102.563888145571
261,2015,102.028699491571,1,102.028699491571
262,2015,101.41323253947,7,101.41323253947
263,2015,102.13071982874,0.01,102.13071982874
264,2015,101.983542948889,0,101.983542948889
265,2015,101.473441263045,0,101.473441263045
266,2015,100.543550976719,6,100.543550976719
267,2015,100.409753813219,15,100.409753813219
268,2015,101.677481937383,3.8,101.677481937383
269,2015,101.179087503345,2,101.179087503345
270,2015,101.423267326733,2.4,101.423267326733
271,2015,101.272745517795,4,101.272745517795
272,2015,100.968356970832,0.02,100.968356970832
273,2015,100.695745250201,3,100.695745250201
274,2015,101.515252876639,0.5,101.515252876639
275,2015,101.664102221033,0,101.664102221033
276,2015,101.682499331014,0,101.682499331014
277,2015,100.919855499063,0.02,100.919855499063
278,2015,100.580345196682,0.9,100.580345196682
279,2015,100.908148247257,4,100.908148247257
280,2015,101.731000802783,0.4,101.731000802783
281,2015,102.650856301846,1.4,102.650856301846
282,2015,103.099076799572,4,103.099076799572
283,2015,102.075528498796,2.01,102.075528498796
284,2015,101.699223976452,2,101.699223976452
285,2015,101.418249933101,0.51,101.418249933101
286,2015,101.006823655339,2.3,101.006823655339
287,2015,101.256020872358,1.7,101.256020872358
288,2015,101.810721612702,0.01,101.810721612702
289,2015,101.945076264383,0.51,101.945076264383
290,2015,101.981870484346,0.5,101.981870484346
291,2015,101.272745517795,0,101.272745517795
292,2015,101.138948354295,0.01,101.138948354295
293,2015,100.90480331817,0,100.90480331817
294,2015,101.371420925876,0.51,101.371420925876
295,2015,101.028565694407,0,101.028565694407
296,2015,101.030238158951,0,101.030238158951
297,2015,101.565426812952,0.02,101.565426812952
298,2015,102.119012576933,0.5,102.119012576933
299,2015,102.100615466952,0.51,102.100615466952
300,2015,101.879850147177,0.2,101.879850147177
301,2015,101.632325394702,2.3,101.632325394702
302,2015,102.047096601552,0.4,102.047096601552
303,2015,101.665774685577,0.21,101.665774685577
304,2015,100.421461065025,3,100.421461065025
305,2015,100.322785656944,0.4,100.322785656944
306,2015,100.202368209794,1.7,100.202368209794
307,2015,100.632191597538,0.3,100.632191597538
308,2015,100.747591651057,1.4,100.747591651057
309,2015,101.518597805727,0.8,101.518597805727
310,2015,102.150789403265,0,102.150789403265
311,2015,102.440125769334,0.01,102.440125769334
312,2015,102.420056194809,0.51,102.420056194809
313,2015,102.294621354027,1,102.294621354027
314,2015,101.981870484346,0.7,101.981870484346
315,2015,100.622156810276,5,100.622156810276
316,2015,100.777696012845,1.9,100.777696012845
317,2015,101.833021139952,0.2,101.833021139952
318,2015,102.30465614129,0.6,102.30465614129
319,2015,101.946748728927,2.6,101.946748728927
320,2015,102.306328605834,1.9,102.306328605834
321,2015,103.254616002141,0.31,103.254616002141
322,2015,103.35663633931,0.7,103.35663633931
323,2015,103.035523146909,1.5,103.035523146909
324,2015,102.221032914102,3.6,102.221032914102
325,2015,102.175876371421,4,102.175876371421
326,2015,101.995250200696,3,101.995250200696
327,2015,101.669119614664,4,101.669119614664
328,2015,101.224244046026,3,101.224244046026
329,2015,101.19915707787,1.01,101.19915707787
330,2015,102.078873427883,0.9,102.078873427883
331,2015,102.672598340915,0.02,102.672598340915
332,2015,103.052247792347,0.01,103.052247792347
333,2015,102.142427080546,0.01,102.142427080546
334,2015,101.485148514851,0,101.485148514851
335,2015,101.766122558202,0.7,101.766122558202
336,2015,102.152461867808,0.21,102.152461867808
337,2015,102.175876371421,0,102.175876371421
338,2015,102.535456248328,0,102.535456248328
339,2015,103.015453572384,0,103.015453572384
340,2015,102.747859245384,0,102.747859245384
341,2015,102.247792346802,0,102.247792346802
342,2015,102.159151725983,0,102.159151725983
343,2015,102.415038801177,0.21,102.415038801177
344,2015,102.57225046829,0,102.57225046829
345,2015,102.324247868802,0,102.324247868802
346,2015,101.593858710195,0,101.593858710195
347,2015,101.414905004014,0.5,101.414905004014
348,2015,101.797899384533,0,101.797899384533
349,2015,101.822986352689,0.01,101.822986352689
350,2015,101.577134064758,0.5,101.577134064758
351,2015,101.476786192133,1.4,101.476786192133
352,2015,101.093791811614,1,101.093791811614
353,2015,101.27943537597,0.02,101.27943537597
354,2015,101.779502274552,0,101.779502274552
355,2015,101.809606636339,0,101.809606636339
356,2015,101.719293550977,2,101.719293550977
357,2015,102.684305592721,0.6,102.684305592721
358,2015,102.931830345197,0.01,102.931830345197
359,2015,102.486954776559,0,102.486954776559
360,2015,101.849745785389,0,101.849745785389
361,2015,101.921661760771,0,101.921661760771
362,2015,102.391624297565,0.4,102.391624297565
363,2015,102.309673534921,1.2,102.309673534921
364,2015,102.433435911159,1.01,102.433435911159
365,2015,102.214343055927,0.31,102.214343055927
1,2016,101.831348675408,0.4,101.831348675408
2,2016,100.929890286326,1.8,100.929890286326
3,2016,100.090313085363,0.2,100.090313085363
4,2016,100.406408884132,0.8,100.406408884132
5,2016,100.689055392026,0.2,100.689055392026
6,2016,99.8360984747123,2,99.8360984747123
7,2016,100.0535188654,8,100.0535188654
8,2016,100.956649719026,0,100.956649719026
9,2016,100.742574257426,0,100.742574257426
10,2016,101.175742574257,0,101.175742574257
11,2016,101.036928017126,0.21,101.036928017126
12,2016,101.234278833289,0,101.234278833289
13,2016,102.078873427883,0,102.078873427883
14,2016,102.796360717153,2,102.796360717153
15,2016,102.582285255553,0.31,102.582285255553
16,2016,103.344929087503,0.7,103.344929087503
17,2016,104.102555525823,0,104.102555525823
18,2016,103.978793149585,1.4,103.978793149585
19,2016,104.194541075729,0,104.194541075729
20,2016,104.167781643029,0,104.167781643029
21,2016,104.13265988761,0,104.13265988761
22,2016,103.630920524485,0.02,103.630920524485
23,2016,102.42507358844,0.31,102.42507358844
24,2016,101.513580412095,0.5,101.513580412095
25,2016,101.195812148782,0.31,101.195812148782
26,2016,101.879850147177,0,101.879850147177
27,2016,102.423401123896,0.5,102.423401123896
28,2016,102.154134332352,0.8,102.154134332352
29,2016,101.590513781108,0.02,101.590513781108
30,2016,101.496855766658,0.01,101.496855766658
31,2016,101.525287663902,0,101.525287663902
32,2016,101.187449826064,2,101.187449826064
33,2016,100.868009098207,4.4,100.868009098207
34,2016,101.550374632058,0.6,101.550374632058
35,2016,101.742708054589,0,101.742708054589
36,2016,102.246119882258,0.31,102.246119882258
37,2016,101.826331281777,0.2,101.826331281777
38,2016,101.550374632058,0,101.550374632058
39,2016,101.237623762376,0.5,101.237623762376
40,2016,101.856435643564,0,101.856435643564
41,2016,102.50535188654,0,102.50535188654
42,2016,102.654201230934,0.01,102.654201230934
43,2016,102.593992507359,1.9,102.593992507359
44,2016,102.192601016858,2.6,102.192601016858
45,2016,101.797899384533,0.81,101.797899384533
46,2016,101.538667380252,0.21,101.538667380252
47,2016,100.886406208188,0.01,100.886406208188
48,2016,99.488225849612,2.2,99.488225849612
49,2016,99.2473909553117,3.6,99.2473909553117
50,2016,99.8879448755686,2.01,99.8879448755686
51,2016,101.461734011239,0,101.461734011239
52,2016,102.503679421996,0,102.503679421996
53,2016,102.824792614397,0,102.824792614397
54,2016,102.809740433503,1.3,102.809740433503
55,2016,102.804723039872,0.4,102.804723039872
56,2016,102.542146106503,0.31,102.542146106503
57,2016,102.403331549371,0.01,102.403331549371
58,2016,102.458522879315,0.21,102.458522879315
59,2016,102.45183302114,0,102.45183302114
60,2016,102.150789403265,0.01,102.150789403265
61,2016,102.092253144233,0.5,102.092253144233
62,2016,102.241102488627,0.21,102.241102488627
63,2016,102.421728659352,0,102.421728659352
64,2016,103.048902863259,0,103.048902863259
65,2016,103.577401659085,0,103.577401659085
66,2016,103.421862456516,0,103.421862456516
67,2016,102.89336366069,0,102.89336366069
68,2016,101.866470430827,0,101.866470430827
69,2016,101.58716885202,0,101.58716885202
70,2016,101.349678886808,0,101.349678886808
71,2016,101.483476050308,0,101.483476050308
72,2016,101.839710998127,0,101.839710998127
73,2016,102.127374899652,0.9,102.127374899652
74,2016,102.517059138346,0.02,102.517059138346
75,2016,102.67928819909,0,102.67928819909
76,2016,102.65252876639,0,102.65252876639
77,2016,102.657546160021,0,102.657546160021
78,2016,102.734479529034,0,102.734479529034
79,2016,103.008763714209,0,103.008763714209
80,2016,103.048902863259,0,103.048902863259
81,2016,102.861586834359,0,102.861586834359
82,2016,102.992039068772,0.01,102.992039068772
83,2016,102.577267861921,0.31,102.577267861921
84,2016,101.841383462671,0.02,101.841383462671
85,2016,101.744380519133,1.3,101.744380519133
86,2016,101.406542681295,0.2,101.406542681295
87,2016,101.448354294889,2,101.448354294889
88,2016,102.048769066096,0.2,102.048769066096
89,2016,101.722638480064,0.6,101.722638480064
90,2016,103.063955044153,0.01,103.063955044153
91,2016,102.923468022478,0,102.923468022478
92,2016,102.650856301846,0,102.650856301846
93,2016,NA,0,102.211834359112
94,2016,101.772812416377,1,101.772812416377
95,2016,100.889751137276,0,100.889751137276
96,2016,100.312750869682,0,100.312750869682
97,2016,100.352890018732,0,100.352890018732
98,2016,101.383128177683,0,101.383128177683
99,2016,102.200963339577,0.3,102.200963339577
100,2016,102.308001070377,0.8,102.308001070377
101,2016,101.859780572652,0.9,101.859780572652
102,2016,101.438319507626,0.02,101.438319507626
103,2016,101.511907947552,0,101.511907947552
104,2016,101.644032646508,0.02,101.644032646508
105,2016,102.306328605834,0,102.306328605834
106,2016,102.35817500669,0,102.35817500669
107,2016,102.005284987958,0.01,102.005284987958
108,2016,101.981870484346,0,101.981870484346
109,2016,101.62730800107,0,101.62730800107
110,2016,101.543684773883,0,101.543684773883
111,2016,101.64068771742,0,101.64068771742
112,2016,101.826331281777,0,101.826331281777
113,2016,102.363192400321,0.01,102.363192400321
114,2016,102.821447685309,0.01,102.821447685309
115,2016,102.938520203372,0,102.938520203372
116,2016,102.624096869146,0.81,102.624096869146
117,2016,102.005284987958,0.41,102.005284987958
118,2016,101.968490767996,0,101.968490767996
119,2016,101.903264650789,0,101.903264650789
120,2016,101.781174739096,0.01,101.781174739096
121,2016,101.590513781108,0,101.590513781108
122,2016,101.411560074926,0,101.411560074926
123,2016,101.269400588708,0,101.269400588708
124,2016,101.018530907145,0,101.018530907145
125,2016,101.016858442601,0,101.016858442601
126,2016,101.235951297832,0,101.235951297832
127,2016,100.801110516457,0,100.801110516457
128,2016,100.612122023013,0,100.612122023013
129,2016,101.428284720364,0.01,101.428284720364
130,2016,101.369748461333,0.02,101.369748461333
131,2016,100.78438587102,0,100.78438587102
132,2016,100.990099009901,0.02,100.990099009901
133,2016,101.344661493176,0,101.344661493176
134,2016,101.761105164571,0,101.761105164571
135,2016,101.884867540808,0,101.884867540808
136,2016,101.819641423602,0,101.819641423602
137,2016,101.762777629114,0,101.762777629114
138,2016,101.49351083757,0,101.49351083757
139,2016,101.307867273214,0,101.307867273214
140,2016,101.175742574257,0,101.175742574257
141,2016,101.157345464276,0,101.157345464276
142,2016,101.050307733476,0.11,101.050307733476
143,2016,99.5902461867808,3.01,99.5902461867808
144,2016,99.265788065293,1,99.265788065293
145,2016,99.8059941129248,0.51,99.8059941129248
146,2016,100.650588707519,1.01,100.650588707519
147,2016,101.093791811614,2,101.093791811614
148,2016,102.028699491571,0,102.028699491571
149,2016,101.971835697083,0,101.971835697083
150,2016,101.344661493176,0,101.344661493176
151,2016,101.664102221033,0.01,101.664102221033
152,2016,101.662429756489,0,101.662429756489
153,2016,101.747725448221,0,101.747725448221
154,2016,101.918316831683,0,101.918316831683
155,2016,102.05044153064,0,102.05044153064
156,2016,101.543684773883,0,101.543684773883
157,2016,101.230933904201,0,101.230933904201
158,2016,101.164035322451,0,101.164035322451
159,2016,102.195945945946,0.01,102.195945945946
160,2016,102.856569440728,0,102.856569440728
161,2016,102.180893765052,0,102.180893765052
162,2016,101.276090446883,0,101.276090446883
163,2016,101.087101953439,3,101.087101953439
164,2016,100.954977254482,1.1,100.954977254482
165,2016,100.94494246722,0.8,100.94494246722
166,2016,100.921527963607,0.6,100.921527963607
167,2016,101.821313888146,0.11,101.821313888146
168,2016,101.419922397645,0,101.419922397645
169,2016,101.11887877977,0,101.11887877977
170,2016,100.463272678619,0,100.463272678619
171,2016,100.438185710463,0.1,100.438185710463
172,2016,100.628846668451,0,100.628846668451
173,2016,100.3211131924,8,100.3211131924
174,2016,100.568637944876,0.01,100.568637944876
175,2016,99.8862724110249,0,99.8862724110249
176,2016,100.585362590313,0,100.585362590313
177,2016,101.000133797163,0.6,101.000133797163
178,2016,101.361386138614,0,101.361386138614
179,2016,100.750936580145,0,100.750936580145
180,2016,100.707452502007,0.01,100.707452502007
181,2016,101.060342520739,0,101.060342520739
182,2016,100.745919186513,0,100.745919186513
183,2016,100.685710462938,0.6,100.685710462938
184,2016,101.162362857907,0,101.162362857907
185,2016,101.501873160289,0.1,101.501873160289
186,2016,101.277762911426,0,101.277762911426
187,2016,100.640553920257,0,100.640553920257
188,2016,99.8946347337436,5.01,99.8946347337436
189,2016,100.381321915975,8,100.381321915975
190,2016,100.585362590313,0.1,100.585362590313
191,2016,100.28097404335,3,100.28097404335
192,2016,100.06689858175,0,100.06689858175
193,2016,100.17393631255,18.01,100.17393631255
194,2016,100.202368209794,0,100.202368209794
195,2016,100.366269735082,1,100.366269735082
196,2016,101.070377308001,4,101.070377308001
197,2016,101.995250200696,11,101.995250200696
198,2016,101.826331281777,0,101.826331281777
199,2016,101.414905004014,2.01,101.414905004014
200,2016,101.973508161627,0,101.973508161627
201,2016,101.324591918651,1,101.324591918651
202,2016,101.010168584426,3.01,101.010168584426
203,2016,100.75762643832,0.01,100.75762643832
204,2016,100.674003211132,2,100.674003211132
205,2016,100.393029167782,0,100.393029167782
206,2016,100.883061279101,34,100.883061279101
207,2016,101.351351351351,2,101.351351351351
208,2016,100.951632325395,0,100.951632325395
209,2016,100.720832218357,0,100.720832218357
210,2016,101.299504950495,0.02,101.299504950495
211,2016,101.557064490233,0,101.557064490233
212,2016,101.685844260102,0,101.685844260102
213,2016,100.630519132994,0,100.630519132994
214,2016,100.991771474445,2,100.991771474445
215,2016,101.383128177683,0,101.383128177683
216,2016,101.100481669789,0,101.100481669789
217,2016,100.695745250201,0,100.695745250201
218,2016,101.023548300776,0.01,101.023548300776
219,2016,100.767661225582,0.3,100.767661225582
220,2016,100.575327803051,0.11,100.575327803051
221,2016,101.072049772545,0.01,101.072049772545
222,2016,100.754281509232,0.01,100.754281509232
223,2016,100.598742306663,0,100.598742306663
224,2016,100.884733743645,8.01,100.884733743645
225,2016,100.939925073588,0,100.939925073588
226,2016,101.324591918651,0.01,101.324591918651
227,2016,101.56040941932,0.61,101.56040941932
228,2016,102.013647310677,0.4,102.013647310677
229,2016,101.752742841852,0,101.752742841852
230,2016,100.846267059138,0.02,100.846267059138
231,2016,100.794420658282,5.01,100.794420658282
232,2016,100.633864062082,0,100.633864062082
233,2016,100.919855499063,0,100.919855499063
234,2016,101.180759967889,0,101.180759967889
235,2016,101.719293550977,0.01,101.719293550977
236,2016,101.160690393364,0,101.160690393364
237,2016,99.9882927481937,0.4,99.9882927481937
238,2016,99.2139416644367,5,99.2139416644367
239,2016,99.6521273748996,0.01,99.6521273748996
240,2016,98.6101819641424,8,98.6101819641424
241,2016,101.990232807064,2.01,101.990232807064
242,2016,102.428418517527,0,102.428418517527
243,2016,102.182566229596,0,102.182566229596
244,2016,102.627441798234,3.01,102.627441798234
245,2016,102.878311479797,0,102.878311479797
246,2016,102.659218624565,2,102.659218624565
247,2016,102.410021407546,0.1,102.410021407546
248,2016,102.205980733208,0,102.205980733208
249,2016,102.31803585764,0,102.31803585764
250,2016,102.430090982071,0,102.430090982071
251,2016,101.946748728927,0,101.946748728927
252,2016,101.391490500401,0,101.391490500401
253,2016,101.662429756489,0.02,101.662429756489
254,2016,101.789537061814,9,101.789537061814
255,2016,102.149116938721,4.01,102.149116938721
256,2016,101.717621086433,0.01,101.717621086433
257,2016,101.715948621889,0.5,101.715948621889
258,2016,102.475247524752,0,102.475247524752
259,2016,102.764583890822,0.02,102.764583890822
260,2016,102.030371956115,0.01,102.030371956115
261,2016,101.135603425207,5,101.135603425207
262,2016,100.946614931763,4,100.946614931763
263,2016,101.160690393364,0.01,101.160690393364
264,2016,100.769333690126,3.01,100.769333690126
265,2016,100.530171260369,2,100.530171260369
266,2016,100.366269735082,0.02,100.366269735082
267,2016,100.311078405138,0.2,100.311078405138
268,2016,100.685710462938,0,100.685710462938
269,2016,100.357907412363,0,100.357907412363
270,2016,100.257559539738,0,100.257559539738
271,2016,98.7055124431362,6,98.7055124431362
272,2016,98.5098340915173,15,98.5098340915173
273,2016,99.8110115065561,5,99.8110115065561
274,2016,99.6839042012309,0.02,99.6839042012309
275,2016,99.8662028364999,0,99.8662028364999
276,2016,99.770872357506,10,99.770872357506
277,2016,99.5618142895371,0.81,99.5618142895371
278,2016,100.210730532513,1,100.210730532513
279,2016,100.929890286326,0,100.929890286326
280,2016,101.227588975114,0,101.227588975114
281,2016,100.476652394969,0.01,100.476652394969
282,2016,99.6772143430559,1.3,99.6772143430559
283,2016,99.9682231736687,0.3,99.9682231736687
284,2016,99.4012576933369,2.8,99.4012576933369
285,2016,99.5200026759433,6,99.5200026759433
286,2016,100.934907679957,0,100.934907679957
287,2016,101.685844260102,0,101.685844260102
288,2016,101.344661493176,2,101.344661493176
289,2016,100.83790473642,0,100.83790473642
290,2016,101.07873963072,0.01,101.07873963072
291,2016,101.689189189189,1.2,101.689189189189
292,2016,101.829676210864,5,101.829676210864
293,2016,102.150789403265,2.7,102.150789403265
294,2016,102.328070644902,0.5,102.328070644902
295,2016,102.336432967621,0.01,102.336432967621
296,2016,101.777829810008,0.9,101.777829810008
297,2016,100.991771474445,0.5,100.991771474445
298,2016,99.8110115065561,0.01,99.8110115065561
299,2016,98.4161760770672,0.02,98.4161760770672
300,2016,96.6935375970029,5.01,96.6935375970029
301,2016,97.285590045491,0.01,97.285590045491
302,2016,98.9195879047364,9,98.9195879047364
303,2016,99.7407679957185,1.01,99.7407679957185
304,2016,98.3241905271608,7,98.3241905271608
305,2016,98.4446079743109,4,98.4446079743109
306,2016,100.081950762644,0.02,100.081950762644
307,2016,100.292681295157,2.4,100.292681295157
308,2016,100.170591383463,0.6,100.170591383463
309,2016,100.565293015788,0,100.565293015788
310,2016,100.841249665507,0,100.841249665507
311,2016,101.657412362858,0.01,101.657412362858
312,2016,102.142427080546,0.01,102.142427080546
313,2016,102.244447417715,0.9,102.244447417715
314,2016,102.657546160021,4,102.657546160021
315,2016,102.971969494247,4,102.971969494247
316,2016,103.207786994916,1.4,103.207786994916
317,2016,102.956917313353,0.9,102.956917313353
318,2016,102.841517259834,3,102.841517259834
319,2016,102.032044420658,10,102.032044420658
320,2016,101.067032378914,5,101.067032378914
321,2016,101.001806261707,3,101.001806261707
322,2016,100.774351083757,0.01,100.774351083757
323,2016,99.8929622691999,2.01,99.8929622691999
324,2016,100.908148247257,0.9,100.908148247257
325,2016,101.481803585764,2.2,101.481803585764
326,2016,102.032044420658,0.5,102.032044420658
327,2016,101.921661760771,0.41,101.921661760771
328,2016,102.289603960396,0.02,102.289603960396
329,2016,102.092253144233,0.61,102.092253144233
330,2016,101.525287663902,0.01,101.525287663902
331,2016,101.786192132727,0,101.786192132727
332,2016,102.047096601552,0.01,102.047096601552
333,2016,102.460195343859,0.41,102.460195343859
334,2016,102.498662028365,0.31,102.498662028365
335,2016,102.261172063152,0.21,102.261172063152
336,2016,102.236085094996,0.6,102.236085094996
337,2016,102.284586566765,0.01,102.284586566765
338,2016,102.087235750602,0,102.087235750602
339,2016,101.445009365801,0,101.445009365801
340,2016,101.311212202301,1,101.311212202301
341,2016,102.10396039604,1.2,102.10396039604
342,2016,101.725983409152,0.2,101.725983409152
343,2016,100.868009098207,0.01,100.868009098207
344,2016,101.329609312283,0.01,101.329609312283
345,2016,102.177548835965,4.5,102.177548835965
346,2016,102.520404067434,0.01,102.520404067434
347,2016,102.876639015253,0.01,102.876639015253
348,2016,102.664236018196,0.02,102.664236018196
349,2016,102.670925876371,0.21,102.670925876371
350,2016,101.433302113995,2.9,101.433302113995
351,2016,100.560275622157,1.2,100.560275622157
352,2016,100.063553652663,2.01,100.063553652663
353,2016,99.5317099277495,4,99.5317099277495
354,2016,100.255887075194,3,100.255887075194
355,2016,101.02522076532,1,101.02522076532
356,2016,101.080412095264,4,101.080412095264
357,2016,101.311212202301,2.4,101.311212202301
358,2016,102.147444474177,2.2,102.147444474177
359,2016,102.619079475515,0.01,102.619079475515
360,2016,102.095598073321,3.4,102.095598073321
361,2016,101.866470430827,2.6,101.866470430827
362,2016,101.856435643564,0.21,101.856435643564
363,2016,101.68082686647,0.2,101.68082686647
364,2016,100.3211131924,0.21,100.3211131924
365,2016,98.4479529033984,0.61,98.4479529033984
366,2016,99.9431362055124,2.6,99.9431362055124
1,2017,100.207385603425,0.91,100.207385603425
2,2017,99.7023013112122,4,99.7023013112122
3,2017,101.13225849612,3.01,101.13225849612
4,2017,102.200963339577,0.41,102.200963339577
5,2017,102.766256355365,0,102.766256355365
6,2017,101.588841316564,3,101.588841316564
7,2017,101.267728124164,0.3,101.267728124164
8,2017,101.513580412095,4,101.513580412095
9,2017,101.082084559807,10,101.082084559807
10,2017,101.505218089377,1.7,101.505218089377
11,2017,103.079007225047,0.3,103.079007225047
12,2017,104.657813754348,0.3,104.657813754348
13,2017,104.858509499599,0,104.858509499599
14,2017,103.761372758898,0,103.761372758898
15,2017,103.729595932566,0.5,103.729595932566
16,2017,103.259633395772,1.4,103.259633395772
17,2017,102.752876639015,1,102.752876639015
18,2017,102.573922932834,0.21,102.573922932834
19,2017,102.140754616002,0.01,102.140754616002
20,2017,102.259499598609,2.8,102.259499598609
21,2017,102.54549103559,0.6,102.54549103559
22,2017,102.108977789671,0,102.108977789671
23,2017,101.46675140487,0,101.46675140487
24,2017,101.289470163233,0,101.289470163233
25,2017,101.287797698689,0,101.287797698689
26,2017,101.179087503345,0,101.179087503345
27,2017,101.284452769601,0.01,101.284452769601
28,2017,101.391490500401,0.71,101.391490500401
29,2017,100.90480331817,1.4,100.90480331817
30,2017,100.511774150388,0.31,100.511774150388
31,2017,100.526826331282,0.41,100.526826331282
32,2017,101.175742574257,0,101.175742574257
33,2017,100.679020604763,3,100.679020604763
34,2017,100.807800374632,3.01,100.807800374632
35,2017,102.189256087771,0.01,102.189256087771
36,2017,103.003746320578,0,103.003746320578
37,2017,103.493778431897,0,103.493778431897
38,2017,103.737958255285,0.71,103.737958255285
39,2017,104.191196146642,0.2,104.191196146642
40,2017,103.908549638748,0,103.908549638748
41,2017,103.333221835697,0,103.333221835697
42,2017,102.82646507894,0.51,102.82646507894
43,2017,102.379917045759,3,102.379917045759
44,2017,102.301311212202,0.01,102.301311212202
45,2017,101.921661760771,0.01,101.921661760771
46,2017,102.072183569708,0.3,102.072183569708
47,2017,102.187583623227,0,102.187583623227
48,2017,102.262844527696,0,102.262844527696
49,2017,102.083890821515,0.5,102.083890821515
50,2017,101.973508161627,0,101.973508161627
51,2017,102.182805153102,0.3,102.182805153102
52,2017,102.677615734546,0.01,102.677615734546
53,2017,102.578940326465,0,102.578940326465
54,2017,102.175876371421,0,102.175876371421
55,2017,101.354696280439,0,101.354696280439
56,2017,101.371420925876,0.2,101.371420925876
57,2017,100.846267059138,0.7,100.846267059138
58,2017,102.271206850415,0.31,102.271206850415
59,2017,103.819909017929,0.2,103.819909017929
60,2017,103.753010436179,0,103.753010436179
61,2017,102.808067968959,0.3,102.808067968959
62,2017,102.680960663634,0.3,102.680960663634
63,2017,103.682766925341,0,103.682766925341
64,2017,103.778097404335,0,103.778097404335
65,2017,103.676077067166,0,103.676077067166
66,2017,102.46521273749,0,102.46521273749
67,2017,101.120551244314,0,101.120551244314
68,2017,100.680693069307,0,100.680693069307
69,2017,99.8193738292748,4,99.8193738292748
70,2017,100.949959860851,0.6,100.949959860851
71,2017,102.762911426278,0.01,102.762911426278
72,2017,102.921795557934,0,102.921795557934
73,2017,102.575595397378,0,102.575595397378
74,2017,102.011974846133,0.3,102.011974846133
75,2017,101.861453037196,0.01,101.861453037196
76,2017,101.791209526358,0.01,101.791209526358
77,2017,102.15747926144,0.01,102.15747926144
78,2017,102.058803853358,0,102.058803853358
79,2017,102.190928552315,0,102.190928552315
80,2017,102.053786459727,0,102.053786459727
81,2017,102.006957452502,1.4,102.006957452502
82,2017,102.164169119615,1.3,102.164169119615
83,2017,102.18423869414,0.4,102.18423869414
84,2017,101.659084827402,0,101.659084827402
85,2017,101.754415306396,0,101.754415306396
86,2017,101.530305057533,0,101.530305057533
87,2017,101.451699223976,0,101.451699223976
88,2017,102.097270537865,0.02,102.097270537865
89,2017,102.09058067969,0,102.09058067969
90,2017,101.003478726251,0,101.003478726251
91,2017,100.508429221301,0,100.508429221301
92,2017,100.704107572919,0,100.704107572919
93,2017,100.79776558737,0.2,100.79776558737
94,2017,100.443203104094,0.51,100.443203104094
95,2017,100.645571313888,0.21,100.645571313888
96,2017,NA,0,101.119715012042
97,2017,101.593858710195,0,101.593858710195
98,2017,101.511907947552,0,101.511907947552
99,2017,101.125568637945,1.2,101.125568637945
100,2017,101.704241370083,0,101.704241370083
101,2017,102.042079207921,0,102.042079207921
102,2017,102.550508429221,0,102.550508429221
103,2017,101.511907947552,0.3,101.511907947552
104,2017,100.265921862457,0.2,100.265921862457
105,2017,100.461600214075,0,100.461600214075
106,2017,100.685710462938,0,100.685710462938
107,2017,101.368075996789,0,101.368075996789
108,2017,101.329609312283,0.3,101.329609312283
109,2017,102.405004013915,0.8,102.405004013915
110,2017,102.388279368477,0,102.388279368477
111,2017,102.075528498796,0,102.075528498796
112,2017,102.343122825796,0,102.343122825796
113,2017,102.520404067434,0,102.520404067434
114,2017,102.55887075194,0,102.55887075194
115,2017,102.085563286058,0,102.085563286058
116,2017,101.56040941932,0,101.56040941932
117,2017,101.144921441951,0,101.144921441951
118,2017,100.577000267594,0.51,100.577000267594
119,2017,100.578672732138,0,100.578672732138
120,2017,101.123896173401,0,101.123896173401
121,2017,101.097136740701,0,101.097136740701
122,2017,100.871354027295,0,100.871354027295
123,2017,101.122223708857,0,101.122223708857
124,2017,101.843055927214,0.21,101.843055927214
125,2017,102.155806796896,0.21,102.155806796896
126,2017,101.901592186246,0,101.901592186246
127,2017,101.674137008295,0,101.674137008295
128,2017,101.247658549639,0,101.247658549639
129,2017,100.884733743645,0,100.884733743645
130,2017,101.030238158951,0.01,101.030238158951
131,2017,101.610583355633,0,101.610583355633
132,2017,102.093925608777,0,102.093925608777
133,2017,102.10396039604,0,102.10396039604
134,2017,101.38647310677,1.01,101.38647310677
135,2017,100.827869949157,0,100.827869949157
136,2017,100.113727588975,0,100.113727588975
137,2017,100.94494246722,0.31,100.94494246722
138,2017,100.513446614932,0,100.513446614932
139,2017,100.311078405138,0,100.311078405138
140,2017,100.202368209794,0,100.202368209794
141,2017,100.194005887075,0,100.194005887075
142,2017,100.538533583088,0,100.538533583088
143,2017,100.978391758095,0,100.978391758095
144,2017,101.240968691464,0,101.240968691464
145,2017,100.630519132994,0,100.630519132994
146,2017,100.275956649719,0,100.275956649719
147,2017,100.404736419588,0,100.404736419588
148,2017,100.642226384801,0,100.642226384801
149,2017,101.481803585764,0,101.481803585764
150,2017,101.752742841852,0,101.752742841852
151,2017,101.17239764517,0,101.17239764517
152,2017,100.916510569976,0.01,100.916510569976
153,2017,100.339510302382,2,100.339510302382
154,2017,100.978391758095,0.2,100.978391758095
155,2017,100.901458389082,5,100.901458389082
156,2017,100.948287396307,2.01,100.948287396307
157,2017,101.610583355633,0,101.610583355633
158,2017,101.476786192133,0.01,101.476786192133
159,2017,101.219226652395,0.01,101.219226652395
160,2017,101.157345464276,0,101.157345464276
161,2017,101.57378913567,0.01,101.57378913567
162,2017,101.921661760771,0,101.921661760771
163,2017,101.446681830345,0,101.446681830345
164,2017,101.207519400589,0,101.207519400589
165,2017,101.045290339845,0,101.045290339845
166,2017,100.431495852288,0.5,100.431495852288
167,2017,100.901458389082,0.3,100.901458389082
168,2017,100.946614931763,0,100.946614931763
169,2017,100.821180090982,0.4,100.821180090982
170,2017,101.008496119882,2,101.008496119882
171,2017,100.376304522344,0.01,100.376304522344
172,2017,100.672330746588,0,100.672330746588
173,2017,100.83790473642,0.3,100.83790473642
174,2017,100.578672732138,0,100.578672732138
175,2017,99.8126839710998,5.01,99.8126839710998
176,2017,101.327936847739,0.02,101.327936847739
177,2017,100.991771474445,0.81,100.991771474445
178,2017,100.535188654001,4.01,100.535188654001
179,2017,100.483342253144,0,100.483342253144
180,2017,100.511774150388,3.4,100.511774150388
181,2017,100.727522076532,1,100.727522076532
182,2017,100.17393631255,0,100.17393631255
183,2017,99.3276692534118,0.4,99.3276692534118
184,2017,99.7190259566497,0.01,99.7190259566497
185,2017,100.846267059138,0.01,100.846267059138
186,2017,100.2217210138,0,100.2217210138
187,2017,100.011707251806,0,100.011707251806
188,2017,100.393029167782,1.7,100.393029167782
189,2017,101.249331014183,0.02,101.249331014183
190,2017,101.722638480064,0,101.722638480064
191,2017,101.443336901258,0.02,101.443336901258
192,2017,101.58716885202,0,101.58716885202
193,2017,101.230933904201,0,101.230933904201
194,2017,100.787730800107,0,100.787730800107
195,2017,100.826197484613,0,100.826197484613
196,2017,101.154000535189,0,101.154000535189
197,2017,101.182432432432,0,101.182432432432
198,2017,101.098809205245,0.3,101.098809205245
199,2017,100.627174203907,0,100.627174203907
200,2017,100.515119079476,1,100.515119079476
201,2017,100.951632325395,0,100.951632325395
202,2017,100.99846133262,3,100.99846133262
203,2017,101.010168584426,0.1,101.010168584426
204,2017,99.9197217018999,0,99.9197217018999
205,2017,100.409753813219,3.5,100.409753813219
206,2017,101.553719561145,0.02,101.553719561145
207,2017,NA,0,100.732539470163
208,2017,99.9113593791812,8,99.9113593791812
209,2017,100.1070377308,0.3,100.1070377308
210,2017,100.884733743645,8,100.884733743645
211,2017,101.550374632058,0.01,101.550374632058
212,2017,101.281107840514,0,101.281107840514
213,2017,100.461600214075,0,100.461600214075
214,2017,99.2273213807867,3,99.2273213807867
215,2017,100.102020337169,3.01,100.102020337169
216,2017,100.404736419588,0,100.404736419588
217,2017,101.605565962002,3,101.605565962002
218,2017,101.513580412095,0,101.513580412095
219,2017,101.650722504683,0.4,101.650722504683
220,2017,101.555392025689,0,101.555392025689
221,2017,101.366403532245,0,101.366403532245
222,2017,100.995116403532,0,100.995116403532
223,2017,101.700896440995,0.01,101.700896440995
224,2017,101.928351618946,0,101.928351618946
225,2017,101.623963071983,0,101.623963071983
226,2017,101.843055927214,0,101.843055927214
227,2017,101.809606636339,0,101.809606636339
228,2017,100.702435108376,0,100.702435108376
229,2017,100.620484345732,4,100.620484345732
230,2017,101.463406475783,0,101.463406475783
231,2017,101.356368744983,0,101.356368744983
232,2017,100.595397377576,5,100.595397377576
233,2017,101.274417982339,1,101.274417982339
234,2017,101.677481937383,0,101.677481937383
235,2017,100.862991704576,0,100.862991704576
236,2017,100.525153866738,0,100.525153866738
237,2017,100.642226384801,0,100.642226384801
238,2017,100.421461065025,0,100.421461065025
239,2017,100.627174203907,0,100.627174203907
240,2017,101.428284720364,0.01,101.428284720364
241,2017,101.846400856302,0.51,101.846400856302
242,2017,101.72096601552,0,101.72096601552
243,2017,100.881388814557,0,100.881388814557
244,2017,NA,0,100.568637944876
245,2017,100.255887075194,0,100.255887075194
246,2017,99.9698956382125,7,99.9698956382125
247,2017,100.637208991169,0.4,100.637208991169
248,2017,100.622156810276,0.01,100.622156810276
249,2017,100.571982873963,0.01,100.571982873963
250,2017,100.501739363126,0,100.501739363126
251,2017,100.515119079476,6,100.515119079476
252,2017,101.317902060476,0.61,101.317902060476
253,2017,101.854763179021,1.01,101.854763179021
254,2017,101.702568905539,6,101.702568905539
255,2017,101.311212202301,5.5,101.311212202301
256,2017,101.284452769601,5,101.284452769601
257,2017,101.515252876639,1.6,101.515252876639
258,2017,101.140620818839,4,101.140620818839
259,2017,101.356368744983,1.3,101.356368744983
260,2017,101.542012309339,0.01,101.542012309339
261,2017,101.152328070645,0,101.152328070645
262,2017,101.863125501739,0,101.863125501739
263,2017,101.936713941664,0.02,101.936713941664
264,2017,101.354696280439,0,101.354696280439
265,2017,101.451699223976,0,101.451699223976
266,2017,101.56040941932,0,101.56040941932
267,2017,101.779502274552,0,101.779502274552
268,2017,101.986887877977,0,101.986887877977
269,2017,101.56040941932,0.01,101.56040941932
270,2017,101.155672999732,0.01,101.155672999732
271,2017,101.70758629917,1,101.70758629917
272,2017,101.026893229864,0,101.026893229864
273,2017,99.7407679957185,2,99.7407679957185
274,2017,99.717353492106,2.8,99.717353492106
275,2017,100.359579876907,0.31,100.359579876907
276,2017,100.702435108376,3,100.702435108376
